BarcodeSequence,LinkerPrimerSequence,RevBarcodeSequence,ReversePrimer,phinchID,DemuxReads,Treatment,Date_Collected,Month,Site,Nest,Sample_ID,Nest_ID,Year
R1,CTTGGTCATTTAGAGGAAGTAA,no_data,GCTGCGTTCTTCATCGATGC,LR1-3-S1-L001,10099,no_data,12/29/22,December,Larrick,1,LR1-3-S1-L001,L1,1
R1,CTTGGTCATTTAGAGGAAGTAA,no_data,GCTGCGTTCTTCATCGATGC,LR1-4-S2-L001,16448,no_data,12/29/22,December,Larrick,1,LR1-4-S2-L001,L1,1
R1,CTTGGTCATTTAGAGGAAGTAA,no_data,GCTGCGTTCTTCATCGATGC,LR1-5-S3-L001,70209,no_data,1/3/23,January,Larrick,1,LR1-5-S3-L001,L1,1
R1,CTTGGTCATTTAGAGGAAGTAA,no_data,GCTGCGTTCTTCATCGATGC,LR1-6-S4-L001,65300,no_data,1/3/23,January,Larrick,1,LR1-6-S4-L001,L1,1
R1,CTTGGTCATTTAGAGGAAGTAA,no_data,GCTGCGTTCTTCATCGATGC,LR1-7-S5-L001,51361,no_data,1/12/23,January,Larrick,1,LR1-7-S5-L001,L1,1
R1,CTTGGTCATTTAGAGGAAGTAA,no_data,GCTGCGTTCTTCATCGATGC,LR1-8-S6-L001,29384,no_data,1/25/23,January,Larrick,1,LR1-8-S6-L001,L1,1
R1,CTTGGTCATTTAGAGGAAGTAA,no_data,GCTGCGTTCTTCATCGATGC,LR1-9-S7-L001,48885,no_data,1/25/23,January,Larrick,1,LR1-9-S7-L001,L1,1
R1,CTTGGTCATTTAGAGGAAGTAA,no_data,GCTGCGTTCTTCATCGATGC,LR1-10-S8-L001,81108,no_data,1/25/23,January,Larrick,1,LR1-10-S8-L001,L1,1
R1,CTTGGTCATTTAGAGGAAGTAA,no_data,GCTGCGTTCTTCATCGATGC,LR1-11-S9-L001,56515,no_data,1/25/23,January,Larrick,1,LR1-11-S9-L001,L1,1
R1,CTTGGTCATTTAGAGGAAGTAA,no_data,GCTGCGTTCTTCATCGATGC,LR1-12-S10-L001,21673,no_data,1/31/23,January,Larrick,1,LR1-12-S10-L001,L1,1
R1,CTTGGTCATTTAGAGGAAGTAA,no_data,GCTGCGTTCTTCATCGATGC,LR1-13-S11-L001,76144,no_data,1/31/23,January,Larrick,1,LR1-13-S11-L001,L1,1
R1,CTTGGTCATTTAGAGGAAGTAA,no_data,GCTGCGTTCTTCATCGATGC,LR1-14-S12-L001,56080,no_data,1/31/23,January,Larrick,1,LR1-14-S12-L001,L1,1
R1,CTTGGTCATTTAGAGGAAGTAA,no_data,GCTGCGTTCTTCATCGATGC,LR1-15-S13-L001,10038,no_data,2/14/23,February,Larrick,1,LR1-15-S13-L001,L1,1
R1,CTTGGTCATTTAGAGGAAGTAA,no_data,GCTGCGTTCTTCATCGATGC,LR1-16-S14-L001,10528,no_data,2/14/23,February,Larrick,1,LR1-16-S14-L001,L1,1
R1,CTTGGTCATTTAGAGGAAGTAA,no_data,GCTGCGTTCTTCATCGATGC,LR1-17-S15-L001,11206,no_data,2/14/23,February,Larrick,1,LR1-17-S15-L001,L1,1
R1,CTTGGTCATTTAGAGGAAGTAA,no_data,GCTGCGTTCTTCATCGATGC,LR1-18-S16-L001,11156,no_data,2/14/23,February,Larrick,1,LR1-18-S16-L001,L1,1
R1,CTTGGTCATTTAGAGGAAGTAA,no_data,GCTGCGTTCTTCATCGATGC,LR1-19-S17-L001,22886,no_data,2/20/23,February,Larrick,1,LR1-19-S17-L001,L1,1
R1,CTTGGTCATTTAGAGGAAGTAA,no_data,GCTGCGTTCTTCATCGATGC,LR1-20-S18-L001,41091,no_data,3/20/23,March,Larrick,1,LR1-20-S18-L001,L1,1
R1,CTTGGTCATTTAGAGGAAGTAA,no_data,GCTGCGTTCTTCATCGATGC,LR1-21-S19-L001,8129,no_data,4/11/23,April,Larrick,1,LR1-21-S19-L001,L1,1
R1,CTTGGTCATTTAGAGGAAGTAA,no_data,GCTGCGTTCTTCATCGATGC,LR1-22-S20-L001,3613,no_data,4/11/23,April,Larrick,1,LR1-22-S20-L001,L1,1
R1,CTTGGTCATTTAGAGGAAGTAA,no_data,GCTGCGTTCTTCATCGATGC,LR1-23-S21-L001,9888,no_data,4/11/23,April,Larrick,1,LR1-23-S21-L001,L1,1
R1,CTTGGTCATTTAGAGGAAGTAA,no_data,GCTGCGTTCTTCATCGATGC,LR1-24-S22-L001,8316,no_data,4/11/23,April,Larrick,1,LR1-24-S22-L001,L1,1
R1,CTTGGTCATTTAGAGGAAGTAA,no_data,GCTGCGTTCTTCATCGATGC,LR1-25-S23-L001,23967,no_data,4/18/23,April,Larrick,1,LR1-25-S23-L001,L1,1
R1,CTTGGTCATTTAGAGGAAGTAA,no_data,GCTGCGTTCTTCATCGATGC,LR1-26-S24-L001,387647,no_data,4/18/23,April,Larrick,1,LR1-26-S24-L001,L1,1
R1,CTTGGTCATTTAGAGGAAGTAA,no_data,GCTGCGTTCTTCATCGATGC,LR1-27-S25-L001,45304,no_data,4/18/23,April,Larrick,1,LR1-27-S25-L001,L1,1
R1,CTTGGTCATTTAGAGGAAGTAA,no_data,GCTGCGTTCTTCATCGATGC,LR1-28-S26-L001,49364,no_data,4/18/23,April,Larrick,1,LR1-28-S26-L001,L1,1
R1,CTTGGTCATTTAGAGGAAGTAA,no_data,GCTGCGTTCTTCATCGATGC,LR1-29-S27-L001,18354,no_data,4/18/23,April,Larrick,1,LR1-29-S27-L001,L1,1
R1,CTTGGTCATTTAGAGGAAGTAA,no_data,GCTGCGTTCTTCATCGATGC,LR1-30-S28-L001,49067,no_data,4/18/23,April,Larrick,1,LR1-30-S28-L001,L1,1
R1,CTTGGTCATTTAGAGGAAGTAA,no_data,GCTGCGTTCTTCATCGATGC,LR1-31-S29-L001,64841,no_data,4/18/23,April,Larrick,1,LR1-31-S29-L001,L1,1
R1,CTTGGTCATTTAGAGGAAGTAA,no_data,GCTGCGTTCTTCATCGATGC,LR1-32-S30-L001,5108,no_data,4/25/23,April,Larrick,1,LR1-32-S30-L001,L1,1
R1,CTTGGTCATTTAGAGGAAGTAA,no_data,GCTGCGTTCTTCATCGATGC,LR1-33-S31-L001,5946,no_data,4/25/23,April,Larrick,1,LR1-33-S31-L001,L1,1
R1,CTTGGTCATTTAGAGGAAGTAA,no_data,GCTGCGTTCTTCATCGATGC,LR1-34-S32-L001,36606,no_data,4/25/23,April,Larrick,1,LR1-34-S32-L001,L1,1
R1,CTTGGTCATTTAGAGGAAGTAA,no_data,GCTGCGTTCTTCATCGATGC,LR1-35-S33-L001,9610,no_data,4/25/23,April,Larrick,1,LR1-35-S33-L001,L1,1
R1,CTTGGTCATTTAGAGGAAGTAA,no_data,GCTGCGTTCTTCATCGATGC,LR1-36-S34-L001,5960,no_data,4/25/23,April,Larrick,1,LR1-36-S34-L001,L1,1
R1,CTTGGTCATTTAGAGGAAGTAA,no_data,GCTGCGTTCTTCATCGATGC,LR1-37-S35-L001,47401,no_data,4/25/23,April,Larrick,1,LR1-37-S35-L001,L1,1
R1,CTTGGTCATTTAGAGGAAGTAA,no_data,GCTGCGTTCTTCATCGATGC,LR1-38-S36-L001,38295,no_data,4/25/23,April,Larrick,1,LR1-38-S36-L001,L1,1
R1,CTTGGTCATTTAGAGGAAGTAA,no_data,GCTGCGTTCTTCATCGATGC,LR1-39-S37-L001,14815,no_data,4/25/23,April,Larrick,1,LR1-39-S37-L001,L1,1
R1,CTTGGTCATTTAGAGGAAGTAA,no_data,GCTGCGTTCTTCATCGATGC,LR1-40-S38-L001,84251,no_data,3/17/24,March,Larrick,1,LR1-40-S38-L001,L1,2
R1,CTTGGTCATTTAGAGGAAGTAA,no_data,GCTGCGTTCTTCATCGATGC,LR1-41-S39-L001,106217,no_data,3/17/24,March,Larrick,1,LR1-41-S39-L001,L1,2
R1,CTTGGTCATTTAGAGGAAGTAA,no_data,GCTGCGTTCTTCATCGATGC,LR1-42-S40-L001,43809,no_data,3/24/24,March,Larrick,1,LR1-42-S40-L001,L1,2
R1,CTTGGTCATTTAGAGGAAGTAA,no_data,GCTGCGTTCTTCATCGATGC,LR1-43-S41-L001,40445,no_data,3/24/24,March,Larrick,1,LR1-43-S41-L001,L1,2
R1,CTTGGTCATTTAGAGGAAGTAA,no_data,GCTGCGTTCTTCATCGATGC,LR1-44-S42-L001,56785,no_data,3/24/24,March,Larrick,1,LR1-44-S42-L001,L1,2
R1,CTTGGTCATTTAGAGGAAGTAA,no_data,GCTGCGTTCTTCATCGATGC,LR1-45-S43-L001,32848,no_data,3/24/24,March,Larrick,1,LR1-45-S43-L001,L1,2
R1,CTTGGTCATTTAGAGGAAGTAA,no_data,GCTGCGTTCTTCATCGATGC,LR1-46-S44-L001,60663,no_data,3/24/24,March,Larrick,1,LR1-46-S44-L001,L1,2
R1,CTTGGTCATTTAGAGGAAGTAA,no_data,GCTGCGTTCTTCATCGATGC,LR1-47-S45-L001,134948,no_data,4/7/24,April,Larrick,1,LR1-47-S45-L001,L1,2
R1,CTTGGTCATTTAGAGGAAGTAA,no_data,GCTGCGTTCTTCATCGATGC,LR1-48-S46-L001,6964,no_data,4/7/24,April,Larrick,1,LR1-48-S46-L001,L1,2
R1,CTTGGTCATTTAGAGGAAGTAA,no_data,GCTGCGTTCTTCATCGATGC,LR2-2-S47-L001,13153,no_data,12/21/22,December,Larrick,2,LR2-2-S47-L001,L2,1
R1,CTTGGTCATTTAGAGGAAGTAA,no_data,GCTGCGTTCTTCATCGATGC,LR2-3-S48-L001,29687,no_data,12/21/22,December,Larrick,2,LR2-3-S48-L001,L2,1
R1,CTTGGTCATTTAGAGGAAGTAA,no_data,GCTGCGTTCTTCATCGATGC,LR2-4-S49-L001,36447,no_data,12/29/22,December,Larrick,2,LR2-4-S49-L001,L2,1
R1,CTTGGTCATTTAGAGGAAGTAA,no_data,GCTGCGTTCTTCATCGATGC,LR2-5-S50-L001,66092,no_data,1/31/23,January,Larrick,2,LR2-5-S50-L001,L2,1
R1,CTTGGTCATTTAGAGGAAGTAA,no_data,GCTGCGTTCTTCATCGATGC,LR2-6-S51-L001,100326,no_data,1/31/23,January,Larrick,2,LR2-6-S51-L001,L2,1
R1,CTTGGTCATTTAGAGGAAGTAA,no_data,GCTGCGTTCTTCATCGATGC,LR2-7-S52-L001,15732,no_data,2/6/23,February,Larrick,2,LR2-7-S52-L001,L2,1
R1,CTTGGTCATTTAGAGGAAGTAA,no_data,GCTGCGTTCTTCATCGATGC,LR2-8-S53-L001,52574,no_data,2/6/23,February,Larrick,2,LR2-8-S53-L001,L2,1
R1,CTTGGTCATTTAGAGGAAGTAA,no_data,GCTGCGTTCTTCATCGATGC,LR2-9-S54-L001,68076,no_data,2/6/23,February,Larrick,2,LR2-9-S54-L001,L2,1
R1,CTTGGTCATTTAGAGGAAGTAA,no_data,GCTGCGTTCTTCATCGATGC,LR2-10-S55-L001,70616,no_data,2/14/23,February,Larrick,2,LR2-10-S55-L001,L2,1
R1,CTTGGTCATTTAGAGGAAGTAA,no_data,GCTGCGTTCTTCATCGATGC,LR2-11-S56-L001,32198,no_data,2/14/23,February,Larrick,2,LR2-11-S56-L001,L2,1
R1,CTTGGTCATTTAGAGGAAGTAA,no_data,GCTGCGTTCTTCATCGATGC,LR2-12-S57-L001,12392,no_data,2/20/23,February,Larrick,2,LR2-12-S57-L001,L2,1
R1,CTTGGTCATTTAGAGGAAGTAA,no_data,GCTGCGTTCTTCATCGATGC,LR2-13-S58-L001,31094,no_data,2/20/23,February,Larrick,2,LR2-13-S58-L001,L2,1
R1,CTTGGTCATTTAGAGGAAGTAA,no_data,GCTGCGTTCTTCATCGATGC,LR2-14-S59-L001,8196,no_data,2/20/23,February,Larrick,2,LR2-14-S59-L001,L2,1
R1,CTTGGTCATTTAGAGGAAGTAA,no_data,GCTGCGTTCTTCATCGATGC,LR2-15-S60-L001,5276,no_data,2/20/23,February,Larrick,2,LR2-15-S60-L001,L2,1
R1,CTTGGTCATTTAGAGGAAGTAA,no_data,GCTGCGTTCTTCATCGATGC,LR2-16-S61-L001,30036,no_data,3/28/23,March,Larrick,2,LR2-16-S61-L001,L2,1
R1,CTTGGTCATTTAGAGGAAGTAA,no_data,GCTGCGTTCTTCATCGATGC,LR2-17-S62-L001,53637,no_data,3/28/23,March,Larrick,2,LR2-17-S62-L001,L2,1
R1,CTTGGTCATTTAGAGGAAGTAA,no_data,GCTGCGTTCTTCATCGATGC,LR2-18-S63-L001,3886,no_data,3/28/23,March,Larrick,2,LR2-18-S63-L001,L2,1
R1,CTTGGTCATTTAGAGGAAGTAA,no_data,GCTGCGTTCTTCATCGATGC,LR2-19-S64-L001,17486,no_data,3/28/23,March,Larrick,2,LR2-19-S64-L001,L2,1
R1,CTTGGTCATTTAGAGGAAGTAA,no_data,GCTGCGTTCTTCATCGATGC,LR2-20-S65-L001,3588,no_data,3/28/23,March,Larrick,2,LR2-20-S65-L001,L2,1
R1,CTTGGTCATTTAGAGGAAGTAA,no_data,GCTGCGTTCTTCATCGATGC,LR2-21-S66-L001,8261,no_data,4/4/23,April,Larrick,2,LR2-21-S66-L001,L2,1
R1,CTTGGTCATTTAGAGGAAGTAA,no_data,GCTGCGTTCTTCATCGATGC,LR2-22-S67-L001,2295,no_data,4/4/23,April,Larrick,2,LR2-22-S67-L001,L2,1
R1,CTTGGTCATTTAGAGGAAGTAA,no_data,GCTGCGTTCTTCATCGATGC,LR2-23-S68-L001,16792,no_data,4/11/23,April,Larrick,2,LR2-23-S68-L001,L2,1
R1,CTTGGTCATTTAGAGGAAGTAA,no_data,GCTGCGTTCTTCATCGATGC,LR2-24-S69-L001,8601,no_data,4/11/23,April,Larrick,2,LR2-24-S69-L001,L2,1
R1,CTTGGTCATTTAGAGGAAGTAA,no_data,GCTGCGTTCTTCATCGATGC,LR2-25-S70-L001,26301,no_data,4/11/23,April,Larrick,2,LR2-25-S70-L001,L2,1
R1,CTTGGTCATTTAGAGGAAGTAA,no_data,GCTGCGTTCTTCATCGATGC,LR2-26-S71-L001,7454,no_data,4/11/23,April,Larrick,2,LR2-26-S71-L001,L2,1
R1,CTTGGTCATTTAGAGGAAGTAA,no_data,GCTGCGTTCTTCATCGATGC,LR2-27-S72-L001,15996,no_data,4/11/23,April,Larrick,2,LR2-27-S72-L001,L2,1
R1,CTTGGTCATTTAGAGGAAGTAA,no_data,GCTGCGTTCTTCATCGATGC,LR2-28-S73-L001,16038,no_data,4/11/23,April,Larrick,2,LR2-28-S73-L001,L2,1
R1,CTTGGTCATTTAGAGGAAGTAA,no_data,GCTGCGTTCTTCATCGATGC,LR2-29-S74-L001,13682,no_data,4/18/23,April,Larrick,2,LR2-29-S74-L001,L2,1
R1,CTTGGTCATTTAGAGGAAGTAA,no_data,GCTGCGTTCTTCATCGATGC,LR2-30-S75-L001,6574,no_data,4/25/23,April,Larrick,2,LR2-30-S75-L001,L2,1
R1,CTTGGTCATTTAGAGGAAGTAA,no_data,GCTGCGTTCTTCATCGATGC,LR2-31-S76-L001,100984,no_data,3/17/24,March,Larrick,2,LR2-31-S76-L001,L2,2
R1,CTTGGTCATTTAGAGGAAGTAA,no_data,GCTGCGTTCTTCATCGATGC,LR2-32-S77-L001,37582,no_data,3/31/24,March,Larrick,2,LR2-32-S77-L001,L2,2
R1,CTTGGTCATTTAGAGGAAGTAA,no_data,GCTGCGTTCTTCATCGATGC,LR2-33-S78-L001,6291,no_data,3/31/24,March,Larrick,2,LR2-33-S78-L001,L2,2
R1,CTTGGTCATTTAGAGGAAGTAA,no_data,GCTGCGTTCTTCATCGATGC,LR2-34-S79-L001,21349,no_data,3/31/24,March,Larrick,2,LR2-34-S79-L001,L2,2
R1,CTTGGTCATTTAGAGGAAGTAA,no_data,GCTGCGTTCTTCATCGATGC,LR2-35-S80-L001,69729,no_data,4/7/24,April,Larrick,2,LR2-35-S80-L001,L2,2
R1,CTTGGTCATTTAGAGGAAGTAA,no_data,GCTGCGTTCTTCATCGATGC,LR2-36-S81-L001,66829,no_data,4/7/24,April,Larrick,2,LR2-36-S81-L001,L2,2
R1,CTTGGTCATTTAGAGGAAGTAA,no_data,GCTGCGTTCTTCATCGATGC,LR2-37-S82-L001,72589,no_data,4/7/24,April,Larrick,2,LR2-37-S82-L001,L2,2
R1,CTTGGTCATTTAGAGGAAGTAA,no_data,GCTGCGTTCTTCATCGATGC,LR2-38-S83-L001,90521,no_data,4/7/24,April,Larrick,2,LR2-38-S83-L001,L2,2
R1,CTTGGTCATTTAGAGGAAGTAA,no_data,GCTGCGTTCTTCATCGATGC,LR3-1-S84-L001,87747,no_data,12/29/22,December,Larrick,3,LR3-1-S84-L001,L3,1
R1,CTTGGTCATTTAGAGGAAGTAA,no_data,GCTGCGTTCTTCATCGATGC,LR3-2-S85-L001,19441,no_data,12/29/22,December,Larrick,3,LR3-2-S85-L001,L3,1
R1,CTTGGTCATTTAGAGGAAGTAA,no_data,GCTGCGTTCTTCATCGATGC,LR3-3-S86-L001,79855,no_data,12/29/22,December,Larrick,3,LR3-3-S86-L001,L3,1
R1,CTTGGTCATTTAGAGGAAGTAA,no_data,GCTGCGTTCTTCATCGATGC,LR3-4-S87-L001,94361,no_data,1/12/23,January,Larrick,3,LR3-4-S87-L001,L3,1
R1,CTTGGTCATTTAGAGGAAGTAA,no_data,GCTGCGTTCTTCATCGATGC,LR3-5-S88-L001,2397,no_data,1/12/23,January,Larrick,3,LR3-5-S88-L001,L3,1
R1,CTTGGTCATTTAGAGGAAGTAA,no_data,GCTGCGTTCTTCATCGATGC,LR3-6-S89-L001,48385,no_data,1/12/23,January,Larrick,3,LR3-6-S89-L001,L3,1
R1,CTTGGTCATTTAGAGGAAGTAA,no_data,GCTGCGTTCTTCATCGATGC,LR3-7-S90-L001,101167,no_data,1/19/23,January,Larrick,3,LR3-7-S90-L001,L3,1
R1,CTTGGTCATTTAGAGGAAGTAA,no_data,GCTGCGTTCTTCATCGATGC,LR3-8-S91-L001,11734,no_data,1/19/23,January,Larrick,3,LR3-8-S91-L001,L3,1
R1,CTTGGTCATTTAGAGGAAGTAA,no_data,GCTGCGTTCTTCATCGATGC,LR3-9-S92-L001,90036,no_data,1/19/23,January,Larrick,3,LR3-9-S92-L001,L3,1
R1,CTTGGTCATTTAGAGGAAGTAA,no_data,GCTGCGTTCTTCATCGATGC,LR3-10-S93-L001,88289,no_data,1/19/23,January,Larrick,3,LR3-10-S93-L001,L3,1
R1,CTTGGTCATTTAGAGGAAGTAA,no_data,GCTGCGTTCTTCATCGATGC,LR3-11-S94-L001,91463,no_data,1/25/23,January,Larrick,3,LR3-11-S94-L001,L3,1
R1,CTTGGTCATTTAGAGGAAGTAA,no_data,GCTGCGTTCTTCATCGATGC,LR3-12-S95-L001,39125,no_data,1/25/23,January,Larrick,3,LR3-12-S95-L001,L3,1
R1,CTTGGTCATTTAGAGGAAGTAA,no_data,GCTGCGTTCTTCATCGATGC,LR3-13-S96-L001,45984,no_data,1/25/23,January,Larrick,3,LR3-13-S96-L001,L3,1
R1,CTTGGTCATTTAGAGGAAGTAA,no_data,GCTGCGTTCTTCATCGATGC,LR3-14-S97-L001,58529,no_data,1/25/23,January,Larrick,3,LR3-14-S97-L001,L3,1
R1,CTTGGTCATTTAGAGGAAGTAA,no_data,GCTGCGTTCTTCATCGATGC,LR3-15-S98-L001,10189,no_data,1/25/23,January,Larrick,3,LR3-15-S98-L001,L3,1
R1,CTTGGTCATTTAGAGGAAGTAA,no_data,GCTGCGTTCTTCATCGATGC,LR3-16-S99-L001,1008,no_data,1/25/23,January,Larrick,3,LR3-16-S99-L001,L3,1
R1,CTTGGTCATTTAGAGGAAGTAA,no_data,GCTGCGTTCTTCATCGATGC,LR3-17-S100-L001,17017,no_data,1/31/23,January,Larrick,3,LR3-17-S100-L001,L3,1
R1,CTTGGTCATTTAGAGGAAGTAA,no_data,GCTGCGTTCTTCATCGATGC,LR3-18-S101-L001,40330,no_data,1/31/23,January,Larrick,3,LR3-18-S101-L001,L3,1
R1,CTTGGTCATTTAGAGGAAGTAA,no_data,GCTGCGTTCTTCATCGATGC,LR3-19-S102-L001,61999,no_data,1/31/23,January,Larrick,3,LR3-19-S102-L001,L3,1
R1,CTTGGTCATTTAGAGGAAGTAA,no_data,GCTGCGTTCTTCATCGATGC,LR3-20-S103-L001,59318,no_data,2/6/23,February,Larrick,3,LR3-20-S103-L001,L3,1
R1,CTTGGTCATTTAGAGGAAGTAA,no_data,GCTGCGTTCTTCATCGATGC,LR3-21-S104-L001,23985,no_data,2/6/23,February,Larrick,3,LR3-21-S104-L001,L3,1
R1,CTTGGTCATTTAGAGGAAGTAA,no_data,GCTGCGTTCTTCATCGATGC,LR3-22-S105-L001,3874,no_data,2/14/23,February,Larrick,3,LR3-22-S105-L001,L3,1
R1,CTTGGTCATTTAGAGGAAGTAA,no_data,GCTGCGTTCTTCATCGATGC,LR3-23-S106-L001,10471,no_data,2/14/23,February,Larrick,3,LR3-23-S106-L001,L3,1
R1,CTTGGTCATTTAGAGGAAGTAA,no_data,GCTGCGTTCTTCATCGATGC,LR3-24-S107-L001,36647,no_data,2/14/23,February,Larrick,3,LR3-24-S107-L001,L3,1
R1,CTTGGTCATTTAGAGGAAGTAA,no_data,GCTGCGTTCTTCATCGATGC,LR3-25-S108-L001,12439,no_data,2/14/23,February,Larrick,3,LR3-25-S108-L001,L3,1
R1,CTTGGTCATTTAGAGGAAGTAA,no_data,GCTGCGTTCTTCATCGATGC,LR3-26-S109-L001,7858,no_data,2/14/23,February,Larrick,3,LR3-26-S109-L001,L3,1
R1,CTTGGTCATTTAGAGGAAGTAA,no_data,GCTGCGTTCTTCATCGATGC,LR3-27-S110-L001,12037,no_data,2/14/23,February,Larrick,3,LR3-27-S110-L001,L3,1
R1,CTTGGTCATTTAGAGGAAGTAA,no_data,GCTGCGTTCTTCATCGATGC,LR3-28-S111-L001,27372,no_data,2/20/23,February,Larrick,3,LR3-28-S111-L001,L3,1
R1,CTTGGTCATTTAGAGGAAGTAA,no_data,GCTGCGTTCTTCATCGATGC,LR3-29-S112-L001,27419,no_data,2/20/23,February,Larrick,3,LR3-29-S112-L001,L3,1
R1,CTTGGTCATTTAGAGGAAGTAA,no_data,GCTGCGTTCTTCATCGATGC,LR3-30-S113-L001,8786,no_data,2/20/23,February,Larrick,3,LR3-30-S113-L001,L3,1
R1,CTTGGTCATTTAGAGGAAGTAA,no_data,GCTGCGTTCTTCATCGATGC,LR3-31-S114-L001,10644,no_data,2/20/23,February,Larrick,3,LR3-31-S114-L001,L3,1
R1,CTTGGTCATTTAGAGGAAGTAA,no_data,GCTGCGTTCTTCATCGATGC,LR3-32-S115-L001,20099,no_data,2/20/23,February,Larrick,3,LR3-32-S115-L001,L3,1
R1,CTTGGTCATTTAGAGGAAGTAA,no_data,GCTGCGTTCTTCATCGATGC,LR3-33-S116-L001,21024,no_data,2/20/23,February,Larrick,3,LR3-33-S116-L001,L3,1
R1,CTTGGTCATTTAGAGGAAGTAA,no_data,GCTGCGTTCTTCATCGATGC,LR3-34-S117-L001,12276,no_data,2/20/23,February,Larrick,3,LR3-34-S117-L001,L3,1
R1,CTTGGTCATTTAGAGGAAGTAA,no_data,GCTGCGTTCTTCATCGATGC,LR3-35-S118-L001,717,no_data,2/20/23,February,Larrick,3,LR3-35-S118-L001,L3,1
R1,CTTGGTCATTTAGAGGAAGTAA,no_data,GCTGCGTTCTTCATCGATGC,LR3-36-S119-L001,84014,no_data,3/6/23,March,Larrick,3,LR3-36-S119-L001,L3,1
R1,CTTGGTCATTTAGAGGAAGTAA,no_data,GCTGCGTTCTTCATCGATGC,LR3-37-S120-L001,99024,no_data,3/6/23,March,Larrick,3,LR3-37-S120-L001,L3,1
R1,CTTGGTCATTTAGAGGAAGTAA,no_data,GCTGCGTTCTTCATCGATGC,LR3-38-S121-L001,28363,no_data,3/6/23,March,Larrick,3,LR3-38-S121-L001,L3,1
R1,CTTGGTCATTTAGAGGAAGTAA,no_data,GCTGCGTTCTTCATCGATGC,LR3-39-S122-L001,39864,no_data,3/6/23,March,Larrick,3,LR3-39-S122-L001,L3,1
R1,CTTGGTCATTTAGAGGAAGTAA,no_data,GCTGCGTTCTTCATCGATGC,LR3-40-S123-L001,29317,no_data,3/6/23,March,Larrick,3,LR3-40-S123-L001,L3,1
R1,CTTGGTCATTTAGAGGAAGTAA,no_data,GCTGCGTTCTTCATCGATGC,LR3-41-S124-L001,38929,no_data,3/6/23,March,Larrick,3,LR3-41-S124-L001,L3,1
R1,CTTGGTCATTTAGAGGAAGTAA,no_data,GCTGCGTTCTTCATCGATGC,LR3-42-S125-L001,95696,no_data,3/13/23,March,Larrick,3,LR3-42-S125-L001,L3,1
R1,CTTGGTCATTTAGAGGAAGTAA,no_data,GCTGCGTTCTTCATCGATGC,LR3-43-S126-L001,75120,no_data,3/20/23,March,Larrick,3,LR3-43-S126-L001,L3,1
R1,CTTGGTCATTTAGAGGAAGTAA,no_data,GCTGCGTTCTTCATCGATGC,LR3-44-S127-L001,18733,no_data,3/20/23,March,Larrick,3,LR3-44-S127-L001,L3,1
R1,CTTGGTCATTTAGAGGAAGTAA,no_data,GCTGCGTTCTTCATCGATGC,LR3-45-S128-L001,69120,no_data,3/20/23,March,Larrick,3,LR3-45-S128-L001,L3,1
R1,CTTGGTCATTTAGAGGAAGTAA,no_data,GCTGCGTTCTTCATCGATGC,LR3-46-S129-L001,59805,no_data,3/20/23,March,Larrick,3,LR3-46-S129-L001,L3,1
R1,CTTGGTCATTTAGAGGAAGTAA,no_data,GCTGCGTTCTTCATCGATGC,LR3-47-S130-L001,56542,no_data,3/20/23,March,Larrick,3,LR3-47-S130-L001,L3,1
R1,CTTGGTCATTTAGAGGAAGTAA,no_data,GCTGCGTTCTTCATCGATGC,LR3-48-S131-L001,25161,no_data,3/20/23,March,Larrick,3,LR3-48-S131-L001,L3,1
R1,CTTGGTCATTTAGAGGAAGTAA,no_data,GCTGCGTTCTTCATCGATGC,LR3-49-S132-L001,38460,no_data,3/20/23,March,Larrick,3,LR3-49-S132-L001,L3,1
R1,CTTGGTCATTTAGAGGAAGTAA,no_data,GCTGCGTTCTTCATCGATGC,LR3-50-S133-L001,75185,no_data,3/20/23,March,Larrick,3,LR3-50-S133-L001,L3,1
R1,CTTGGTCATTTAGAGGAAGTAA,no_data,GCTGCGTTCTTCATCGATGC,LR3-51-S134-L001,39370,no_data,4/4/23,April,Larrick,3,LR3-51-S134-L001,L3,1
R1,CTTGGTCATTTAGAGGAAGTAA,no_data,GCTGCGTTCTTCATCGATGC,LR3-52-S135-L001,31610,no_data,4/18/23,April,Larrick,3,LR3-52-S135-L001,L3,1
R1,CTTGGTCATTTAGAGGAAGTAA,no_data,GCTGCGTTCTTCATCGATGC,LR3-53-S136-L001,16162,no_data,4/25/23,April,Larrick,3,LR3-53-S136-L001,L3,1
R1,CTTGGTCATTTAGAGGAAGTAA,no_data,GCTGCGTTCTTCATCGATGC,LR3-54-S137-L001,82964,no_data,3/17/24,March,Larrick,3,LR3-54-S137-L001,L3,2
R1,CTTGGTCATTTAGAGGAAGTAA,no_data,GCTGCGTTCTTCATCGATGC,LR3-55-S138-L001,53668,no_data,3/17/24,March,Larrick,3,LR3-55-S138-L001,L3,2
R1,CTTGGTCATTTAGAGGAAGTAA,no_data,GCTGCGTTCTTCATCGATGC,MTM1-1-S139-L001,6419,no_data,12/4/23,December,Mckenzie,1,MTM1-1-S139-L001,M1,2
R1,CTTGGTCATTTAGAGGAAGTAA,no_data,GCTGCGTTCTTCATCGATGC,MTM1-2-S140-L001,3497,no_data,12/4/23,December,Mckenzie,1,MTM1-2-S140-L001,M1,2
R1,CTTGGTCATTTAGAGGAAGTAA,no_data,GCTGCGTTCTTCATCGATGC,MTM1-3-S141-L001,16686,no_data,12/4/23,December,Mckenzie,1,MTM1-3-S141-L001,M1,2
R1,CTTGGTCATTTAGAGGAAGTAA,no_data,GCTGCGTTCTTCATCGATGC,MTM1-4-S142-L001,2238,no_data,1/1/24,January,Mckenzie,1,MTM1-4-S142-L001,M1,2
R1,CTTGGTCATTTAGAGGAAGTAA,no_data,GCTGCGTTCTTCATCGATGC,MTM1-5-S143-L001,45927,no_data,1/15/24,January,Mckenzie,1,MTM1-5-S143-L001,M1,2
R1,CTTGGTCATTTAGAGGAAGTAA,no_data,GCTGCGTTCTTCATCGATGC,MTM1-6-S144-L001,72976,no_data,1/15/24,January,Mckenzie,1,MTM1-6-S144-L001,M1,2
R1,CTTGGTCATTTAGAGGAAGTAA,no_data,GCTGCGTTCTTCATCGATGC,MTM1-7-S145-L001,12382,no_data,1/15/24,January,Mckenzie,1,MTM1-7-S145-L001,M1,2
R1,CTTGGTCATTTAGAGGAAGTAA,no_data,GCTGCGTTCTTCATCGATGC,MTM1-8-S146-L001,57626,no_data,1/15/24,January,Mckenzie,1,MTM1-8-S146-L001,M1,2
R1,CTTGGTCATTTAGAGGAAGTAA,no_data,GCTGCGTTCTTCATCGATGC,MTM1-9-S147-L001,69444,no_data,1/15/24,January,Mckenzie,1,MTM1-9-S147-L001,M1,2
R1,CTTGGTCATTTAGAGGAAGTAA,no_data,GCTGCGTTCTTCATCGATGC,MTM1-10-S148-L001,120031,no_data,1/22/24,January,Mckenzie,1,MTM1-10-S148-L001,M1,2
R1,CTTGGTCATTTAGAGGAAGTAA,no_data,GCTGCGTTCTTCATCGATGC,MTM1-11-S149-L001,99478,no_data,1/22/24,January,Mckenzie,1,MTM1-11-S149-L001,M1,2
R1,CTTGGTCATTTAGAGGAAGTAA,no_data,GCTGCGTTCTTCATCGATGC,MTM1-12-S150-L001,53167,no_data,1/22/24,January,Mckenzie,1,MTM1-12-S150-L001,M1,2
R1,CTTGGTCATTTAGAGGAAGTAA,no_data,GCTGCGTTCTTCATCGATGC,MTM1-13-S151-L001,72742,no_data,1/22/24,January,Mckenzie,1,MTM1-13-S151-L001,M1,2
R1,CTTGGTCATTTAGAGGAAGTAA,no_data,GCTGCGTTCTTCATCGATGC,MTM1-14-S152-L001,70695,no_data,1/22/24,January,Mckenzie,1,MTM1-14-S152-L001,M1,2
R1,CTTGGTCATTTAGAGGAAGTAA,no_data,GCTGCGTTCTTCATCGATGC,MTM1-15-S153-L001,48816,no_data,1/22/24,January,Mckenzie,1,MTM1-15-S153-L001,M1,2
R1,CTTGGTCATTTAGAGGAAGTAA,no_data,GCTGCGTTCTTCATCGATGC,MTM1-16-S154-L001,75553,no_data,1/22/24,January,Mckenzie,1,MTM1-16-S154-L001,M1,2
R1,CTTGGTCATTTAGAGGAAGTAA,no_data,GCTGCGTTCTTCATCGATGC,MTM1-17-S155-L001,73967,no_data,1/22/24,January,Mckenzie,1,MTM1-17-S155-L001,M1,2
R1,CTTGGTCATTTAGAGGAAGTAA,no_data,GCTGCGTTCTTCATCGATGC,MTM1-18-S156-L001,5514,no_data,1/29/24,January,Mckenzie,1,MTM1-18-S156-L001,M1,2
R1,CTTGGTCATTTAGAGGAAGTAA,no_data,GCTGCGTTCTTCATCGATGC,MTM1-19-S157-L001,17871,no_data,1/29/24,January,Mckenzie,1,MTM1-19-S157-L001,M1,2
R1,CTTGGTCATTTAGAGGAAGTAA,no_data,GCTGCGTTCTTCATCGATGC,MTM1-20-S158-L001,2266,no_data,1/29/24,January,Mckenzie,1,MTM1-20-S158-L001,M1,2
R1,CTTGGTCATTTAGAGGAAGTAA,no_data,GCTGCGTTCTTCATCGATGC,MTM1-21-S159-L001,3172,no_data,1/29/24,January,Mckenzie,1,MTM1-21-S159-L001,M1,2
R1,CTTGGTCATTTAGAGGAAGTAA,no_data,GCTGCGTTCTTCATCGATGC,MTM1-22-S160-L001,17856,no_data,1/29/24,January,Mckenzie,1,MTM1-22-S160-L001,M1,2
R1,CTTGGTCATTTAGAGGAAGTAA,no_data,GCTGCGTTCTTCATCGATGC,MTM1-23-S161-L001,12311,no_data,1/29/24,January,Mckenzie,1,MTM1-23-S161-L001,M1,2
R1,CTTGGTCATTTAGAGGAAGTAA,no_data,GCTGCGTTCTTCATCGATGC,MTM1-24-S162-L001,87228,no_data,2/5/24,February,Mckenzie,1,MTM1-24-S162-L001,M1,2
R1,CTTGGTCATTTAGAGGAAGTAA,no_data,GCTGCGTTCTTCATCGATGC,MTM1-25-S163-L001,15291,no_data,2/5/24,February,Mckenzie,1,MTM1-25-S163-L001,M1,2
R1,CTTGGTCATTTAGAGGAAGTAA,no_data,GCTGCGTTCTTCATCGATGC,MTM1-26-S164-L001,2,no_data,2/5/24,February,Mckenzie,1,MTM1-26-S164-L001,M1,2
R1,CTTGGTCATTTAGAGGAAGTAA,no_data,GCTGCGTTCTTCATCGATGC,MTM1-27-S165-L001,40832,no_data,2/5/24,February,Mckenzie,1,MTM1-27-S165-L001,M1,2
R1,CTTGGTCATTTAGAGGAAGTAA,no_data,GCTGCGTTCTTCATCGATGC,MTM1-28-S166-L001,63247,no_data,2/12/24,February,Mckenzie,1,MTM1-28-S166-L001,M1,2
R1,CTTGGTCATTTAGAGGAAGTAA,no_data,GCTGCGTTCTTCATCGATGC,MTM1-29-S167-L001,84341,no_data,2/12/24,February,Mckenzie,1,MTM1-29-S167-L001,M1,2
R1,CTTGGTCATTTAGAGGAAGTAA,no_data,GCTGCGTTCTTCATCGATGC,MTM1-30-S168-L001,9318,no_data,2/12/24,February,Mckenzie,1,MTM1-30-S168-L001,M1,2
R1,CTTGGTCATTTAGAGGAAGTAA,no_data,GCTGCGTTCTTCATCGATGC,MTM1-31-S169-L001,71627,no_data,2/12/24,February,Mckenzie,1,MTM1-31-S169-L001,M1,2
R1,CTTGGTCATTTAGAGGAAGTAA,no_data,GCTGCGTTCTTCATCGATGC,MTM1-32-S170-L001,3601,no_data,2/26/24,February,Mckenzie,1,MTM1-32-S170-L001,M1,2
R1,CTTGGTCATTTAGAGGAAGTAA,no_data,GCTGCGTTCTTCATCGATGC,MTM1-33-S171-L001,20985,no_data,2/26/24,February,Mckenzie,1,MTM1-33-S171-L001,M1,2
R1,CTTGGTCATTTAGAGGAAGTAA,no_data,GCTGCGTTCTTCATCGATGC,MTM1-34-S172-L001,15362,no_data,2/26/24,February,Mckenzie,1,MTM1-34-S172-L001,M1,2
R1,CTTGGTCATTTAGAGGAAGTAA,no_data,GCTGCGTTCTTCATCGATGC,MTM1-35-S173-L001,28120,no_data,3/4/24,March,Mckenzie,1,MTM1-35-S173-L001,M1,2
R1,CTTGGTCATTTAGAGGAAGTAA,no_data,GCTGCGTTCTTCATCGATGC,MTM1-36-S174-L001,22073,no_data,3/4/24,March,Mckenzie,1,MTM1-36-S174-L001,M1,2
R1,CTTGGTCATTTAGAGGAAGTAA,no_data,GCTGCGTTCTTCATCGATGC,MTM1-37-S175-L001,25753,no_data,3/4/24,March,Mckenzie,1,MTM1-37-S175-L001,M1,2
R1,CTTGGTCATTTAGAGGAAGTAA,no_data,GCTGCGTTCTTCATCGATGC,MTM1-38-S176-L001,8214,no_data,3/4/24,March,Mckenzie,1,MTM1-38-S176-L001,M1,2
R1,CTTGGTCATTTAGAGGAAGTAA,no_data,GCTGCGTTCTTCATCGATGC,MTM1-39-S177-L001,6612,no_data,3/4/24,March,Mckenzie,1,MTM1-39-S177-L001,M1,2
R1,CTTGGTCATTTAGAGGAAGTAA,no_data,GCTGCGTTCTTCATCGATGC,MTM1-40-S178-L001,15393,no_data,3/11/24,March,Mckenzie,1,MTM1-40-S178-L001,M1,2
R1,CTTGGTCATTTAGAGGAAGTAA,no_data,GCTGCGTTCTTCATCGATGC,MTM1-41-S179-L001,3825,no_data,3/11/24,March,Mckenzie,1,MTM1-41-S179-L001,M1,2
R1,CTTGGTCATTTAGAGGAAGTAA,no_data,GCTGCGTTCTTCATCGATGC,MTM1-42-S180-L001,13040,no_data,3/11/24,March,Mckenzie,1,MTM1-42-S180-L001,M1,2
R1,CTTGGTCATTTAGAGGAAGTAA,no_data,GCTGCGTTCTTCATCGATGC,MTM1-43-S181-L001,19685,no_data,3/11/24,March,Mckenzie,1,MTM1-43-S181-L001,M1,2
R1,CTTGGTCATTTAGAGGAAGTAA,no_data,GCTGCGTTCTTCATCGATGC,MTM1-44-S182-L001,4118,no_data,3/18/24,March,Mckenzie,1,MTM1-44-S182-L001,M1,2
R1,CTTGGTCATTTAGAGGAAGTAA,no_data,GCTGCGTTCTTCATCGATGC,MTM1-45-S183-L001,7071,no_data,3/18/24,March,Mckenzie,1,MTM1-45-S183-L001,M1,2
R1,CTTGGTCATTTAGAGGAAGTAA,no_data,GCTGCGTTCTTCATCGATGC,MTM1-46-S184-L001,7645,no_data,3/18/24,March,Mckenzie,1,MTM1-46-S184-L001,M1,2
R1,CTTGGTCATTTAGAGGAAGTAA,no_data,GCTGCGTTCTTCATCGATGC,MTM1-47-S185-L001,31870,no_data,3/25/24,March,Mckenzie,1,MTM1-47-S185-L001,M1,2
R1,CTTGGTCATTTAGAGGAAGTAA,no_data,GCTGCGTTCTTCATCGATGC,MTM1-48-S186-L001,85565,no_data,4/1/24,April,Mckenzie,1,MTM1-48-S186-L001,M1,2
R1,CTTGGTCATTTAGAGGAAGTAA,no_data,GCTGCGTTCTTCATCGATGC,MTM1-49-S187-L001,70986,no_data,4/1/24,April,Mckenzie,1,MTM1-49-S187-L001,M1,2
R1,CTTGGTCATTTAGAGGAAGTAA,no_data,GCTGCGTTCTTCATCGATGC,MTM1-50-S188-L001,71695,no_data,4/1/24,April,Mckenzie,1,MTM1-50-S188-L001,M1,2
R1,CTTGGTCATTTAGAGGAAGTAA,no_data,GCTGCGTTCTTCATCGATGC,MTM1-51-S189-L001,54697,no_data,4/8/24,April,Mckenzie,1,MTM1-51-S189-L001,M1,2
R1,CTTGGTCATTTAGAGGAAGTAA,no_data,GCTGCGTTCTTCATCGATGC,MTM1-52-S190-L001,104474,no_data,4/8/24,April,Mckenzie,1,MTM1-52-S190-L001,M1,2
R1,CTTGGTCATTTAGAGGAAGTAA,no_data,GCTGCGTTCTTCATCGATGC,MTM1-53-S191-L001,28657,no_data,4/8/24,April,Mckenzie,1,MTM1-53-S191-L001,M1,2
R1,CTTGGTCATTTAGAGGAAGTAA,no_data,GCTGCGTTCTTCATCGATGC,MTM3-1-S192-L001,63841,no_data,12/18/23,December,Mckenzie,3,MTM3-1-S192-L001,M3,2
R1,CTTGGTCATTTAGAGGAAGTAA,no_data,GCTGCGTTCTTCATCGATGC,MTM3-2-S193-L001,10609,no_data,12/18/23,December,Mckenzie,3,MTM3-2-S193-L001,M3,2
R1,CTTGGTCATTTAGAGGAAGTAA,no_data,GCTGCGTTCTTCATCGATGC,MTM3-3-S194-L001,8534,no_data,12/23/23,December,Mckenzie,3,MTM3-3-S194-L001,M3,2
R1,CTTGGTCATTTAGAGGAAGTAA,no_data,GCTGCGTTCTTCATCGATGC,MTM3-4-S195-L001,75428,no_data,1/1/24,January,Mckenzie,3,MTM3-4-S195-L001,M3,2
R1,CTTGGTCATTTAGAGGAAGTAA,no_data,GCTGCGTTCTTCATCGATGC,MTM3-5-S196-L001,57515,no_data,1/1/24,January,Mckenzie,3,MTM3-5-S196-L001,M3,2
R1,CTTGGTCATTTAGAGGAAGTAA,no_data,GCTGCGTTCTTCATCGATGC,MTM3-6-S197-L001,30071,no_data,1/8/24,January,Mckenzie,3,MTM3-6-S197-L001,M3,2
R1,CTTGGTCATTTAGAGGAAGTAA,no_data,GCTGCGTTCTTCATCGATGC,MTM3-7-S198-L001,31628,no_data,1/8/24,January,Mckenzie,3,MTM3-7-S198-L001,M3,2
R1,CTTGGTCATTTAGAGGAAGTAA,no_data,GCTGCGTTCTTCATCGATGC,MTM3-8-S199-L001,107206,no_data,1/22/24,January,Mckenzie,3,MTM3-8-S199-L001,M3,2
R1,CTTGGTCATTTAGAGGAAGTAA,no_data,GCTGCGTTCTTCATCGATGC,MTM3-9-S200-L001,91713,no_data,1/22/24,January,Mckenzie,3,MTM3-9-S200-L001,M3,2
R1,CTTGGTCATTTAGAGGAAGTAA,no_data,GCTGCGTTCTTCATCGATGC,MTM3-10-S201-L001,91796,no_data,1/22/24,January,Mckenzie,3,MTM3-10-S201-L001,M3,2
R1,CTTGGTCATTTAGAGGAAGTAA,no_data,GCTGCGTTCTTCATCGATGC,MTM3-11-S202-L001,90613,no_data,1/22/24,January,Mckenzie,3,MTM3-11-S202-L001,M3,2
R1,CTTGGTCATTTAGAGGAAGTAA,no_data,GCTGCGTTCTTCATCGATGC,MTM3-12-S203-L001,8351,no_data,3/11/24,March,Mckenzie,3,MTM3-12-S203-L001,M3,2
R1,CTTGGTCATTTAGAGGAAGTAA,no_data,GCTGCGTTCTTCATCGATGC,MTM3-13-S204-L001,63416,no_data,3/11/24,March,Mckenzie,3,MTM3-13-S204-L001,M3,2
R1,CTTGGTCATTTAGAGGAAGTAA,no_data,GCTGCGTTCTTCATCGATGC,MTM3-14-S205-L001,32056,no_data,3/11/24,March,Mckenzie,3,MTM3-14-S205-L001,M3,2
R1,CTTGGTCATTTAGAGGAAGTAA,no_data,GCTGCGTTCTTCATCGATGC,MTM3-15-S206-L001,32236,no_data,3/11/24,March,Mckenzie,3,MTM3-15-S206-L001,M3,2
R1,CTTGGTCATTTAGAGGAAGTAA,no_data,GCTGCGTTCTTCATCGATGC,MTM3-16-S207-L001,118201,no_data,3/25/24,March,Mckenzie,3,MTM3-16-S207-L001,M3,2
R1,CTTGGTCATTTAGAGGAAGTAA,no_data,GCTGCGTTCTTCATCGATGC,MTM3-17-S208-L001,55363,no_data,3/25/24,March,Mckenzie,3,MTM3-17-S208-L001,M3,2
R1,CTTGGTCATTTAGAGGAAGTAA,no_data,GCTGCGTTCTTCATCGATGC,MTM3-18-S209-L001,115248,no_data,3/25/24,March,Mckenzie,3,MTM3-18-S209-L001,M3,2
R1,CTTGGTCATTTAGAGGAAGTAA,no_data,GCTGCGTTCTTCATCGATGC,MTM3-19-S210-L001,94612,no_data,4/1/24,April,Mckenzie,3,MTM3-19-S210-L001,M3,2
R1,CTTGGTCATTTAGAGGAAGTAA,no_data,GCTGCGTTCTTCATCGATGC,MTM3-20-S211-L001,73782,no_data,4/1/24,April,Mckenzie,3,MTM3-20-S211-L001,M3,2
R1,CTTGGTCATTTAGAGGAAGTAA,no_data,GCTGCGTTCTTCATCGATGC,MTM6-1-S212-L001,22565,no_data,12/18/23,December,Mckenzie,6,MTM6-1-S212-L001,M6,2
R1,CTTGGTCATTTAGAGGAAGTAA,no_data,GCTGCGTTCTTCATCGATGC,MTM6-2-S213-L001,7067,no_data,12/18/23,December,Mckenzie,6,MTM6-2-S213-L001,M6,2
R1,CTTGGTCATTTAGAGGAAGTAA,no_data,GCTGCGTTCTTCATCGATGC,MTM6-3-S214-L001,87691,no_data,1/8/24,January,Mckenzie,6,MTM6-3-S214-L001,M6,2
R1,CTTGGTCATTTAGAGGAAGTAA,no_data,GCTGCGTTCTTCATCGATGC,MTM7-1-S215-L001,12549,no_data,12/4/23,December,Mckenzie,7,MTM7-1-S215-L001,M6,2
R1,CTTGGTCATTTAGAGGAAGTAA,no_data,GCTGCGTTCTTCATCGATGC,MTM7-2-S216-L001,73,no_data,12/18/23,December,Mckenzie,7,MTM7-2-S216-L001,M6,2
R1,CTTGGTCATTTAGAGGAAGTAA,no_data,GCTGCGTTCTTCATCGATGC,MTM7-3-S217-L001,63870,no_data,12/18/23,December,Mckenzie,7,MTM7-3-S217-L001,M6,2
R1,CTTGGTCATTTAGAGGAAGTAA,no_data,GCTGCGTTCTTCATCGATGC,MTM7-4-S218-L001,67441,no_data,12/23/23,December,Mckenzie,7,MTM7-4-S218-L001,M6,2
R1,CTTGGTCATTTAGAGGAAGTAA,no_data,GCTGCGTTCTTCATCGATGC,MTM7-5-S219-L001,48905,no_data,1/1/24,January,Mckenzie,7,MTM7-5-S219-L001,M6,2
R1,CTTGGTCATTTAGAGGAAGTAA,no_data,GCTGCGTTCTTCATCGATGC,MTM7-6-S220-L001,80522,no_data,3/11/24,March,Mckenzie,7,MTM7-6-S220-L001,M6,2
R1,CTTGGTCATTTAGAGGAAGTAA,no_data,GCTGCGTTCTTCATCGATGC,MTM7-7-S221-L001,44799,no_data,3/11/24,March,Mckenzie,7,MTM7-7-S221-L001,M6,2
R1,CTTGGTCATTTAGAGGAAGTAA,no_data,GCTGCGTTCTTCATCGATGC,MTM7-8-S1-L001,12100,no_data,3/11/24,March,Mckenzie,7,MTM7-8-S1-L001,M6,2
R1,CTTGGTCATTTAGAGGAAGTAA,no_data,GCTGCGTTCTTCATCGATGC,MTM7-9-S2-L001,9338,no_data,3/18/24,March,Mckenzie,7,MTM7-9-S2-L001,M6,2
R1,CTTGGTCATTTAGAGGAAGTAA,no_data,GCTGCGTTCTTCATCGATGC,MTM7-10-S3-L001,21980,no_data,3/18/24,March,Mckenzie,7,MTM7-10-S3-L001,M6,2
R1,CTTGGTCATTTAGAGGAAGTAA,no_data,GCTGCGTTCTTCATCGATGC,MTM7-11-S4-L001,11748,no_data,3/18/24,March,Mckenzie,7,MTM7-11-S4-L001,M6,2
R1,CTTGGTCATTTAGAGGAAGTAA,no_data,GCTGCGTTCTTCATCGATGC,MTM7-12-S5-L001,70612,no_data,3/25/24,March,Mckenzie,7,MTM7-12-S5-L001,M6,2
R1,CTTGGTCATTTAGAGGAAGTAA,no_data,GCTGCGTTCTTCATCGATGC,MTM7-13-S6-L001,60370,no_data,3/25/24,March,Mckenzie,7,MTM7-13-S6-L001,M6,2
R1,CTTGGTCATTTAGAGGAAGTAA,no_data,GCTGCGTTCTTCATCGATGC,MTM7-14-S7-L001,34874,no_data,3/25/24,March,Mckenzie,7,MTM7-14-S7-L001,M6,2
R1,CTTGGTCATTTAGAGGAAGTAA,no_data,GCTGCGTTCTTCATCGATGC,MTM7-15-S8-L001,42662,no_data,4/1/24,April,Mckenzie,7,MTM7-15-S8-L001,M6,2
R1,CTTGGTCATTTAGAGGAAGTAA,no_data,GCTGCGTTCTTCATCGATGC,MTM7-16-S9-L001,14667,no_data,4/8/24,April,Mckenzie,7,MTM7-16-S9-L001,M6,2
R1,CTTGGTCATTTAGAGGAAGTAA,no_data,GCTGCGTTCTTCATCGATGC,MTM8-1-S10-L001,6198,no_data,11/27/23,November,Mckenzie,8,MTM8-1-S10-L001,M8,2
R1,CTTGGTCATTTAGAGGAAGTAA,no_data,GCTGCGTTCTTCATCGATGC,MTM8-2-S11-L001,7159,no_data,11/27/23,November,Mckenzie,8,MTM8-2-S11-L001,M8,2
R1,CTTGGTCATTTAGAGGAAGTAA,no_data,GCTGCGTTCTTCATCGATGC,MTM8-3-S12-L001,10993,no_data,11/27/23,November,Mckenzie,8,MTM8-3-S12-L001,M8,2
R1,CTTGGTCATTTAGAGGAAGTAA,no_data,GCTGCGTTCTTCATCGATGC,MTM8-4-S13-L001,2492,no_data,11/27/23,November,Mckenzie,8,MTM8-4-S13-L001,M8,2
R1,CTTGGTCATTTAGAGGAAGTAA,no_data,GCTGCGTTCTTCATCGATGC,MTM8-5-S14-L001,3322,no_data,11/27/23,November,Mckenzie,8,MTM8-5-S14-L001,M8,2
R1,CTTGGTCATTTAGAGGAAGTAA,no_data,GCTGCGTTCTTCATCGATGC,MTM8-6-S15-L001,9687,no_data,11/27/23,November,Mckenzie,8,MTM8-6-S15-L001,M8,2
R1,CTTGGTCATTTAGAGGAAGTAA,no_data,GCTGCGTTCTTCATCGATGC,MTM8-7-S16-L001,3867,no_data,11/27/23,November,Mckenzie,8,MTM8-7-S16-L001,M8,2
R1,CTTGGTCATTTAGAGGAAGTAA,no_data,GCTGCGTTCTTCATCGATGC,MTM8-8-S17-L001,30358,no_data,11/27/23,November,Mckenzie,8,MTM8-8-S17-L001,M8,2
R1,CTTGGTCATTTAGAGGAAGTAA,no_data,GCTGCGTTCTTCATCGATGC,MTM8-9-S18-L001,243,no_data,12/4/23,December,Mckenzie,8,MTM8-9-S18-L001,M8,2
R1,CTTGGTCATTTAGAGGAAGTAA,no_data,GCTGCGTTCTTCATCGATGC,MTM8-10-S19-L001,474,no_data,12/4/23,December,Mckenzie,8,MTM8-10-S19-L001,M8,2
R1,CTTGGTCATTTAGAGGAAGTAA,no_data,GCTGCGTTCTTCATCGATGC,MTM8-11-S20-L001,428,no_data,12/4/23,December,Mckenzie,8,MTM8-11-S20-L001,M8,2
R1,CTTGGTCATTTAGAGGAAGTAA,no_data,GCTGCGTTCTTCATCGATGC,MTM8-12-S21-L001,825,no_data,12/4/23,December,Mckenzie,8,MTM8-12-S21-L001,M8,2
R1,CTTGGTCATTTAGAGGAAGTAA,no_data,GCTGCGTTCTTCATCGATGC,MTM8-13-S22-L001,1166,no_data,12/4/23,December,Mckenzie,8,MTM8-13-S22-L001,M8,2
R1,CTTGGTCATTTAGAGGAAGTAA,no_data,GCTGCGTTCTTCATCGATGC,MTM8-14-S23-L001,880,no_data,12/4/23,December,Mckenzie,8,MTM8-14-S23-L001,M8,2
R1,CTTGGTCATTTAGAGGAAGTAA,no_data,GCTGCGTTCTTCATCGATGC,MTM8-15-S24-L001,195,no_data,12/4/23,December,Mckenzie,8,MTM8-15-S24-L001,M8,2
R1,CTTGGTCATTTAGAGGAAGTAA,no_data,GCTGCGTTCTTCATCGATGC,MTM8-16-S25-L001,1333,no_data,12/4/23,December,Mckenzie,8,MTM8-16-S25-L001,M8,2
R1,CTTGGTCATTTAGAGGAAGTAA,no_data,GCTGCGTTCTTCATCGATGC,MTM8-17-S26-L001,989,no_data,12/11/23,December,Mckenzie,8,MTM8-17-S26-L001,M8,2
R1,CTTGGTCATTTAGAGGAAGTAA,no_data,GCTGCGTTCTTCATCGATGC,MTM8-18-S27-L001,274,no_data,12/11/23,December,Mckenzie,8,MTM8-18-S27-L001,M8,2
R1,CTTGGTCATTTAGAGGAAGTAA,no_data,GCTGCGTTCTTCATCGATGC,MTM8-19-S28-L001,3,no_data,12/11/23,December,Mckenzie,8,MTM8-19-S28-L001,M8,2
R1,CTTGGTCATTTAGAGGAAGTAA,no_data,GCTGCGTTCTTCATCGATGC,MTM8-20-S29-L001,4320,no_data,12/11/23,December,Mckenzie,8,MTM8-20-S29-L001,M8,2
R1,CTTGGTCATTTAGAGGAAGTAA,no_data,GCTGCGTTCTTCATCGATGC,MTM8-21-S30-L001,2906,no_data,12/11/23,December,Mckenzie,8,MTM8-21-S30-L001,M8,2
R1,CTTGGTCATTTAGAGGAAGTAA,no_data,GCTGCGTTCTTCATCGATGC,MTM8-22-S31-L001,2309,no_data,12/11/23,December,Mckenzie,8,MTM8-22-S31-L001,M8,2
R1,CTTGGTCATTTAGAGGAAGTAA,no_data,GCTGCGTTCTTCATCGATGC,MTM8-23-S32-L001,6260,no_data,12/11/23,December,Mckenzie,8,MTM8-23-S32-L001,M8,2
R1,CTTGGTCATTTAGAGGAAGTAA,no_data,GCTGCGTTCTTCATCGATGC,MTM8-24-S33-L001,9688,no_data,12/11/23,December,Mckenzie,8,MTM8-24-S33-L001,M8,2
R1,CTTGGTCATTTAGAGGAAGTAA,no_data,GCTGCGTTCTTCATCGATGC,MTM8-25-S34-L001,3771,no_data,12/18/23,December,Mckenzie,8,MTM8-25-S34-L001,M8,2
R1,CTTGGTCATTTAGAGGAAGTAA,no_data,GCTGCGTTCTTCATCGATGC,MTM8-26-S35-L001,2141,no_data,12/18/23,December,Mckenzie,8,MTM8-26-S35-L001,M8,2
R1,CTTGGTCATTTAGAGGAAGTAA,no_data,GCTGCGTTCTTCATCGATGC,MTM8-27-S36-L001,1124,no_data,12/18/23,December,Mckenzie,8,MTM8-27-S36-L001,M8,2
R1,CTTGGTCATTTAGAGGAAGTAA,no_data,GCTGCGTTCTTCATCGATGC,MTM8-28-S37-L001,3008,no_data,12/18/23,December,Mckenzie,8,MTM8-28-S37-L001,M8,2
R1,CTTGGTCATTTAGAGGAAGTAA,no_data,GCTGCGTTCTTCATCGATGC,MTM8-29-S38-L001,4408,no_data,12/18/23,December,Mckenzie,8,MTM8-29-S38-L001,M8,2
R1,CTTGGTCATTTAGAGGAAGTAA,no_data,GCTGCGTTCTTCATCGATGC,MTM8-30-S39-L001,11560,no_data,12/18/23,December,Mckenzie,8,MTM8-30-S39-L001,M8,2
R1,CTTGGTCATTTAGAGGAAGTAA,no_data,GCTGCGTTCTTCATCGATGC,MTM8-31-S40-L001,56566,no_data,12/23/23,December,Mckenzie,8,MTM8-31-S40-L001,M8,2
R1,CTTGGTCATTTAGAGGAAGTAA,no_data,GCTGCGTTCTTCATCGATGC,MTM8-32-S41-L001,35285,no_data,12/23/23,December,Mckenzie,8,MTM8-32-S41-L001,M8,2
R1,CTTGGTCATTTAGAGGAAGTAA,no_data,GCTGCGTTCTTCATCGATGC,MTM8-33-S42-L001,27601,no_data,12/23/23,December,Mckenzie,8,MTM8-33-S42-L001,M8,2
R1,CTTGGTCATTTAGAGGAAGTAA,no_data,GCTGCGTTCTTCATCGATGC,MTM8-34-S43-L001,23216,no_data,12/23/23,December,Mckenzie,8,MTM8-34-S43-L001,M8,2
R1,CTTGGTCATTTAGAGGAAGTAA,no_data,GCTGCGTTCTTCATCGATGC,MTM8-35-S44-L001,43623,no_data,12/23/23,December,Mckenzie,8,MTM8-35-S44-L001,M8,2
R1,CTTGGTCATTTAGAGGAAGTAA,no_data,GCTGCGTTCTTCATCGATGC,MTM8-36-S45-L001,69096,no_data,12/23/23,December,Mckenzie,8,MTM8-36-S45-L001,M8,2
R1,CTTGGTCATTTAGAGGAAGTAA,no_data,GCTGCGTTCTTCATCGATGC,MTM8-37-S46-L001,6449,no_data,1/1/24,January,Mckenzie,8,MTM8-37-S46-L001,M8,2
R1,CTTGGTCATTTAGAGGAAGTAA,no_data,GCTGCGTTCTTCATCGATGC,MTM8-38-S47-L001,18436,no_data,1/1/24,January,Mckenzie,8,MTM8-38-S47-L001,M8,2
R1,CTTGGTCATTTAGAGGAAGTAA,no_data,GCTGCGTTCTTCATCGATGC,MTM8-39-S48-L001,15406,no_data,1/1/24,January,Mckenzie,8,MTM8-39-S48-L001,M8,2
R1,CTTGGTCATTTAGAGGAAGTAA,no_data,GCTGCGTTCTTCATCGATGC,MTM8-40-S49-L001,25162,no_data,1/1/24,January,Mckenzie,8,MTM8-40-S49-L001,M8,2
R1,CTTGGTCATTTAGAGGAAGTAA,no_data,GCTGCGTTCTTCATCGATGC,MTM8-41-S50-L001,41042,no_data,1/8/24,January,Mckenzie,8,MTM8-41-S50-L001,M8,2
R1,CTTGGTCATTTAGAGGAAGTAA,no_data,GCTGCGTTCTTCATCGATGC,MTM8-42-S51-L001,28203,no_data,1/8/24,January,Mckenzie,8,MTM8-42-S51-L001,M8,2
R1,CTTGGTCATTTAGAGGAAGTAA,no_data,GCTGCGTTCTTCATCGATGC,MTM8-43-S52-L001,5024,no_data,1/8/24,January,Mckenzie,8,MTM8-43-S52-L001,M8,2
R1,CTTGGTCATTTAGAGGAAGTAA,no_data,GCTGCGTTCTTCATCGATGC,MTM8-44-S53-L001,8418,no_data,1/8/24,January,Mckenzie,8,MTM8-44-S53-L001,M8,2
R1,CTTGGTCATTTAGAGGAAGTAA,no_data,GCTGCGTTCTTCATCGATGC,MTM8-45-S54-L001,19617,no_data,1/8/24,January,Mckenzie,8,MTM8-45-S54-L001,M8,2
R1,CTTGGTCATTTAGAGGAAGTAA,no_data,GCTGCGTTCTTCATCGATGC,MTM8-46-S55-L001,46252,no_data,1/8/24,January,Mckenzie,8,MTM8-46-S55-L001,M8,2
R1,CTTGGTCATTTAGAGGAAGTAA,no_data,GCTGCGTTCTTCATCGATGC,MTM8-47-S56-L001,10430,no_data,1/8/24,January,Mckenzie,8,MTM8-47-S56-L001,M8,2
R1,CTTGGTCATTTAGAGGAAGTAA,no_data,GCTGCGTTCTTCATCGATGC,MTM8-48-S57-L001,18126,no_data,1/8/24,January,Mckenzie,8,MTM8-48-S57-L001,M8,2
R1,CTTGGTCATTTAGAGGAAGTAA,no_data,GCTGCGTTCTTCATCGATGC,MTM8-49-S58-L001,11054,no_data,1/15/24,January,Mckenzie,8,MTM8-49-S58-L001,M8,2
R1,CTTGGTCATTTAGAGGAAGTAA,no_data,GCTGCGTTCTTCATCGATGC,MTM8-50-S59-L001,46317,no_data,1/15/24,January,Mckenzie,8,MTM8-50-S59-L001,M8,2
R1,CTTGGTCATTTAGAGGAAGTAA,no_data,GCTGCGTTCTTCATCGATGC,MTM8-51-S60-L001,16929,no_data,1/15/24,January,Mckenzie,8,MTM8-51-S60-L001,M8,2
R1,CTTGGTCATTTAGAGGAAGTAA,no_data,GCTGCGTTCTTCATCGATGC,MTM8-52-S61-L001,21527,no_data,1/15/24,January,Mckenzie,8,MTM8-52-S61-L001,M8,2
R1,CTTGGTCATTTAGAGGAAGTAA,no_data,GCTGCGTTCTTCATCGATGC,MTM8-53-S62-L001,12648,no_data,1/15/24,January,Mckenzie,8,MTM8-53-S62-L001,M8,2
R1,CTTGGTCATTTAGAGGAAGTAA,no_data,GCTGCGTTCTTCATCGATGC,MTM8-54-S63-L001,5999,no_data,1/15/24,January,Mckenzie,8,MTM8-54-S63-L001,M8,2
R1,CTTGGTCATTTAGAGGAAGTAA,no_data,GCTGCGTTCTTCATCGATGC,MTM8-55-S64-L001,16098,no_data,1/22/24,January,Mckenzie,8,MTM8-55-S64-L001,M8,2
R1,CTTGGTCATTTAGAGGAAGTAA,no_data,GCTGCGTTCTTCATCGATGC,MTM8-56-S65-L001,6340,no_data,1/22/24,January,Mckenzie,8,MTM8-56-S65-L001,M8,2
R1,CTTGGTCATTTAGAGGAAGTAA,no_data,GCTGCGTTCTTCATCGATGC,MTM8-57-S66-L001,16724,no_data,1/22/24,January,Mckenzie,8,MTM8-57-S66-L001,M8,2
R1,CTTGGTCATTTAGAGGAAGTAA,no_data,GCTGCGTTCTTCATCGATGC,MTM8-58-S67-L001,56406,no_data,1/22/24,January,Mckenzie,8,MTM8-58-S67-L001,M8,2
R1,CTTGGTCATTTAGAGGAAGTAA,no_data,GCTGCGTTCTTCATCGATGC,MTM8-59-S68-L001,56525,no_data,1/22/24,January,Mckenzie,8,MTM8-59-S68-L001,M8,2
R1,CTTGGTCATTTAGAGGAAGTAA,no_data,GCTGCGTTCTTCATCGATGC,MTM8-60-S69-L001,68713,no_data,1/22/24,January,Mckenzie,8,MTM8-60-S69-L001,M8,2
R1,CTTGGTCATTTAGAGGAAGTAA,no_data,GCTGCGTTCTTCATCGATGC,MTM8-61-S70-L001,70750,no_data,1/29/24,January,Mckenzie,8,MTM8-61-S70-L001,M8,2
R1,CTTGGTCATTTAGAGGAAGTAA,no_data,GCTGCGTTCTTCATCGATGC,MTM8-62-S71-L001,10966,no_data,1/29/24,January,Mckenzie,8,MTM8-62-S71-L001,M8,2
R1,CTTGGTCATTTAGAGGAAGTAA,no_data,GCTGCGTTCTTCATCGATGC,MTM8-63-S72-L001,3895,no_data,1/29/24,January,Mckenzie,8,MTM8-63-S72-L001,M8,2
R1,CTTGGTCATTTAGAGGAAGTAA,no_data,GCTGCGTTCTTCATCGATGC,MTM8-64-S73-L001,16532,no_data,1/29/24,January,Mckenzie,8,MTM8-64-S73-L001,M8,2
R1,CTTGGTCATTTAGAGGAAGTAA,no_data,GCTGCGTTCTTCATCGATGC,MTM8-65-S74-L001,23907,no_data,2/5/24,February,Mckenzie,8,MTM8-65-S74-L001,M8,2
R1,CTTGGTCATTTAGAGGAAGTAA,no_data,GCTGCGTTCTTCATCGATGC,MTM8-66-S75-L001,57712,no_data,2/5/24,February,Mckenzie,8,MTM8-66-S75-L001,M8,2
R1,CTTGGTCATTTAGAGGAAGTAA,no_data,GCTGCGTTCTTCATCGATGC,MTM8-67-S76-L001,71183,no_data,2/5/24,February,Mckenzie,8,MTM8-67-S76-L001,M8,2
R1,CTTGGTCATTTAGAGGAAGTAA,no_data,GCTGCGTTCTTCATCGATGC,MTM8-68-S77-L001,67309,no_data,2/5/24,February,Mckenzie,8,MTM8-68-S77-L001,M8,2
R1,CTTGGTCATTTAGAGGAAGTAA,no_data,GCTGCGTTCTTCATCGATGC,MTM8-69-S78-L001,45895,no_data,2/5/24,February,Mckenzie,8,MTM8-69-S78-L001,M8,2
R1,CTTGGTCATTTAGAGGAAGTAA,no_data,GCTGCGTTCTTCATCGATGC,MTM8-70-S79-L001,56103,no_data,2/5/24,February,Mckenzie,8,MTM8-70-S79-L001,M8,2
R1,CTTGGTCATTTAGAGGAAGTAA,no_data,GCTGCGTTCTTCATCGATGC,MTM8-71-S80-L001,50125,no_data,2/19/24,February,Mckenzie,8,MTM8-71-S80-L001,M8,2
R1,CTTGGTCATTTAGAGGAAGTAA,no_data,GCTGCGTTCTTCATCGATGC,MTM8-72-S81-L001,75127,no_data,2/19/24,February,Mckenzie,8,MTM8-72-S81-L001,M8,2
R1,CTTGGTCATTTAGAGGAAGTAA,no_data,GCTGCGTTCTTCATCGATGC,MTM8-73-S82-L001,43858,no_data,2/19/24,February,Mckenzie,8,MTM8-73-S82-L001,M8,2
R1,CTTGGTCATTTAGAGGAAGTAA,no_data,GCTGCGTTCTTCATCGATGC,MTM8-74-S83-L001,63711,no_data,2/26/24,February,Mckenzie,8,MTM8-74-S83-L001,M8,2
R1,CTTGGTCATTTAGAGGAAGTAA,no_data,GCTGCGTTCTTCATCGATGC,MTM8-75-S84-L001,57548,no_data,2/26/24,February,Mckenzie,8,MTM8-75-S84-L001,M8,2
R1,CTTGGTCATTTAGAGGAAGTAA,no_data,GCTGCGTTCTTCATCGATGC,MTM8-76-S85-L001,61978,no_data,3/18/24,March,Mckenzie,8,MTM8-76-S85-L001,M8,2
R1,CTTGGTCATTTAGAGGAAGTAA,no_data,GCTGCGTTCTTCATCGATGC,MTM9-1-S86-L001,13277,no_data,12/4/23,December,Mckenzie,9,MTM9-1-S86-L001,M9,2
R1,CTTGGTCATTTAGAGGAAGTAA,no_data,GCTGCGTTCTTCATCGATGC,MTM9-2-S87-L001,14528,no_data,12/4/23,December,Mckenzie,9,MTM9-2-S87-L001,M9,2
R1,CTTGGTCATTTAGAGGAAGTAA,no_data,GCTGCGTTCTTCATCGATGC,MTM9-3-S88-L001,14594,no_data,12/4/23,December,Mckenzie,9,MTM9-3-S88-L001,M9,2
R1,CTTGGTCATTTAGAGGAAGTAA,no_data,GCTGCGTTCTTCATCGATGC,MTM9-4-S89-L001,13104,no_data,12/4/23,December,Mckenzie,9,MTM9-4-S89-L001,M9,2
R1,CTTGGTCATTTAGAGGAAGTAA,no_data,GCTGCGTTCTTCATCGATGC,MTM9-5-S90-L001,3124,no_data,12/4/23,December,Mckenzie,9,MTM9-5-S90-L001,M9,2
R1,CTTGGTCATTTAGAGGAAGTAA,no_data,GCTGCGTTCTTCATCGATGC,MTM9-6-S91-L001,5620,no_data,12/4/23,December,Mckenzie,9,MTM9-6-S91-L001,M9,2
R1,CTTGGTCATTTAGAGGAAGTAA,no_data,GCTGCGTTCTTCATCGATGC,MTM9-7-S92-L001,7265,no_data,12/4/23,December,Mckenzie,9,MTM9-7-S92-L001,M9,2
R1,CTTGGTCATTTAGAGGAAGTAA,no_data,GCTGCGTTCTTCATCGATGC,MTM9-8-S93-L001,7159,no_data,12/4/23,December,Mckenzie,9,MTM9-8-S93-L001,M9,2
R1,CTTGGTCATTTAGAGGAAGTAA,no_data,GCTGCGTTCTTCATCGATGC,MTM9-9-S94-L001,7612,no_data,12/11/23,December,Mckenzie,9,MTM9-9-S94-L001,M9,2
R1,CTTGGTCATTTAGAGGAAGTAA,no_data,GCTGCGTTCTTCATCGATGC,MTM9-10-S95-L001,2218,no_data,12/11/23,December,Mckenzie,9,MTM9-10-S95-L001,M9,2
R1,CTTGGTCATTTAGAGGAAGTAA,no_data,GCTGCGTTCTTCATCGATGC,MTM9-11-S96-L001,2734,no_data,12/11/23,December,Mckenzie,9,MTM9-11-S96-L001,M9,2
R1,CTTGGTCATTTAGAGGAAGTAA,no_data,GCTGCGTTCTTCATCGATGC,MTM9-12-S97-L001,4263,no_data,12/11/23,December,Mckenzie,9,MTM9-12-S97-L001,M9,2
R1,CTTGGTCATTTAGAGGAAGTAA,no_data,GCTGCGTTCTTCATCGATGC,MTM9-13-S98-L001,2266,no_data,12/11/23,December,Mckenzie,9,MTM9-13-S98-L001,M9,2
R1,CTTGGTCATTTAGAGGAAGTAA,no_data,GCTGCGTTCTTCATCGATGC,MTM9-14-S99-L001,2108,no_data,12/11/23,December,Mckenzie,9,MTM9-14-S99-L001,M9,2
R1,CTTGGTCATTTAGAGGAAGTAA,no_data,GCTGCGTTCTTCATCGATGC,MTM9-15-S100-L001,2553,no_data,12/11/23,December,Mckenzie,9,MTM9-15-S100-L001,M9,2
R1,CTTGGTCATTTAGAGGAAGTAA,no_data,GCTGCGTTCTTCATCGATGC,MTM9-16-S101-L001,4248,no_data,12/11/23,December,Mckenzie,9,MTM9-16-S101-L001,M9,2
R1,CTTGGTCATTTAGAGGAAGTAA,no_data,GCTGCGTTCTTCATCGATGC,MTM9-17-S102-L001,12405,no_data,12/18/23,December,Mckenzie,9,MTM9-17-S102-L001,M9,2
R1,CTTGGTCATTTAGAGGAAGTAA,no_data,GCTGCGTTCTTCATCGATGC,MTM9-18-S103-L001,10729,no_data,12/18/23,December,Mckenzie,9,MTM9-18-S103-L001,M9,2
R1,CTTGGTCATTTAGAGGAAGTAA,no_data,GCTGCGTTCTTCATCGATGC,MTM9-19-S104-L001,33863,no_data,12/18/23,December,Mckenzie,9,MTM9-19-S104-L001,M9,2
R1,CTTGGTCATTTAGAGGAAGTAA,no_data,GCTGCGTTCTTCATCGATGC,MTM9-20-S105-L001,1,no_data,12/18/23,December,Mckenzie,9,MTM9-20-S105-L001,M9,2
R1,CTTGGTCATTTAGAGGAAGTAA,no_data,GCTGCGTTCTTCATCGATGC,MTM9-21-S106-L001,6,no_data,12/18/23,December,Mckenzie,9,MTM9-21-S106-L001,M9,2
R1,CTTGGTCATTTAGAGGAAGTAA,no_data,GCTGCGTTCTTCATCGATGC,MTM9-22-S107-L001,12899,no_data,12/18/23,December,Mckenzie,9,MTM9-22-S107-L001,M9,2
R1,CTTGGTCATTTAGAGGAAGTAA,no_data,GCTGCGTTCTTCATCGATGC,MTM9-23-S108-L001,2240,no_data,12/18/23,December,Mckenzie,9,MTM9-23-S108-L001,M9,2
R1,CTTGGTCATTTAGAGGAAGTAA,no_data,GCTGCGTTCTTCATCGATGC,MTM9-24-S109-L001,4162,no_data,12/18/23,December,Mckenzie,9,MTM9-24-S109-L001,M9,2
R1,CTTGGTCATTTAGAGGAAGTAA,no_data,GCTGCGTTCTTCATCGATGC,MTM9-25-S110-L001,41125,no_data,12/23/23,December,Mckenzie,9,MTM9-25-S110-L001,M9,2
R1,CTTGGTCATTTAGAGGAAGTAA,no_data,GCTGCGTTCTTCATCGATGC,MTM9-26-S111-L001,19131,no_data,12/23/23,December,Mckenzie,9,MTM9-26-S111-L001,M9,2
R1,CTTGGTCATTTAGAGGAAGTAA,no_data,GCTGCGTTCTTCATCGATGC,MTM9-27-S112-L001,18531,no_data,12/23/23,December,Mckenzie,9,MTM9-27-S112-L001,M9,2
R1,CTTGGTCATTTAGAGGAAGTAA,no_data,GCTGCGTTCTTCATCGATGC,MTM9-28-S113-L001,113582,no_data,12/23/23,December,Mckenzie,9,MTM9-28-S113-L001,M9,2
R1,CTTGGTCATTTAGAGGAAGTAA,no_data,GCTGCGTTCTTCATCGATGC,MTM9-29-S114-L001,6642,no_data,12/23/23,December,Mckenzie,9,MTM9-29-S114-L001,M9,2
R1,CTTGGTCATTTAGAGGAAGTAA,no_data,GCTGCGTTCTTCATCGATGC,MTM9-30-S115-L001,44620,no_data,12/23/23,December,Mckenzie,9,MTM9-30-S115-L001,M9,2
R1,CTTGGTCATTTAGAGGAAGTAA,no_data,GCTGCGTTCTTCATCGATGC,MTM9-31-S116-L001,122435,no_data,12/23/23,December,Mckenzie,9,MTM9-31-S116-L001,M9,2
R1,CTTGGTCATTTAGAGGAAGTAA,no_data,GCTGCGTTCTTCATCGATGC,MTM9-32-S117-L001,337169,no_data,12/23/23,December,Mckenzie,9,MTM9-32-S117-L001,M9,2
R1,CTTGGTCATTTAGAGGAAGTAA,no_data,GCTGCGTTCTTCATCGATGC,MTM9-33-S118-L001,73585,no_data,1/1/24,January,Mckenzie,9,MTM9-33-S118-L001,M9,2
R1,CTTGGTCATTTAGAGGAAGTAA,no_data,GCTGCGTTCTTCATCGATGC,MTM9-34-S119-L001,118694,no_data,1/1/24,January,Mckenzie,9,MTM9-34-S119-L001,M9,2
R1,CTTGGTCATTTAGAGGAAGTAA,no_data,GCTGCGTTCTTCATCGATGC,MTM9-35-S120-L001,153087,no_data,1/1/24,January,Mckenzie,9,MTM9-35-S120-L001,M9,2
R1,CTTGGTCATTTAGAGGAAGTAA,no_data,GCTGCGTTCTTCATCGATGC,MTM9-36-S121-L001,85824,no_data,1/1/24,January,Mckenzie,9,MTM9-36-S121-L001,M9,2
R1,CTTGGTCATTTAGAGGAAGTAA,no_data,GCTGCGTTCTTCATCGATGC,MTM9-37-S122-L001,73355,no_data,1/1/24,January,Mckenzie,9,MTM9-37-S122-L001,M9,2
R1,CTTGGTCATTTAGAGGAAGTAA,no_data,GCTGCGTTCTTCATCGATGC,MTM9-38-S123-L001,96488,no_data,1/1/24,January,Mckenzie,9,MTM9-38-S123-L001,M9,2
R1,CTTGGTCATTTAGAGGAAGTAA,no_data,GCTGCGTTCTTCATCGATGC,MTM9-39-S124-L001,83214,no_data,1/1/24,January,Mckenzie,9,MTM9-39-S124-L001,M9,2
R1,CTTGGTCATTTAGAGGAAGTAA,no_data,GCTGCGTTCTTCATCGATGC,MTM9-40-S125-L001,96315,no_data,1/1/24,January,Mckenzie,9,MTM9-40-S125-L001,M9,2
R1,CTTGGTCATTTAGAGGAAGTAA,no_data,GCTGCGTTCTTCATCGATGC,MTM9-41-S126-L001,77672,no_data,1/15/24,January,Mckenzie,9,MTM9-41-S126-L001,M9,2
R1,CTTGGTCATTTAGAGGAAGTAA,no_data,GCTGCGTTCTTCATCGATGC,MTM9-42-S127-L001,49029,no_data,1/15/24,January,Mckenzie,9,MTM9-42-S127-L001,M9,2
R1,CTTGGTCATTTAGAGGAAGTAA,no_data,GCTGCGTTCTTCATCGATGC,MTM9-43-S128-L001,64558,no_data,2/12/24,February,Mckenzie,9,MTM9-43-S128-L001,M9,2
R1,CTTGGTCATTTAGAGGAAGTAA,no_data,GCTGCGTTCTTCATCGATGC,MTM9-44-S129-L001,24781,no_data,3/4/24,March,Mckenzie,9,MTM9-44-S129-L001,M9,2
R1,CTTGGTCATTTAGAGGAAGTAA,no_data,GCTGCGTTCTTCATCGATGC,MTM9-45-S130-L001,11223,no_data,3/4/24,March,Mckenzie,9,MTM9-45-S130-L001,M9,2
R1,CTTGGTCATTTAGAGGAAGTAA,no_data,GCTGCGTTCTTCATCGATGC,MTM9-46-S131-L001,2002,no_data,3/4/24,March,Mckenzie,9,MTM9-46-S131-L001,M9,2
R1,CTTGGTCATTTAGAGGAAGTAA,no_data,GCTGCGTTCTTCATCGATGC,MTM9-47-S132-L001,27380,no_data,3/18/24,March,Mckenzie,9,MTM9-47-S132-L001,M9,2
R1,CTTGGTCATTTAGAGGAAGTAA,no_data,GCTGCGTTCTTCATCGATGC,MTM9-48-S133-L001,58882,no_data,3/18/24,March,Mckenzie,9,MTM9-48-S133-L001,M9,2
R1,CTTGGTCATTTAGAGGAAGTAA,no_data,GCTGCGTTCTTCATCGATGC,MTM9-49-S134-L001,42207,no_data,3/18/24,March,Mckenzie,9,MTM9-49-S134-L001,M9,2
R1,CTTGGTCATTTAGAGGAAGTAA,no_data,GCTGCGTTCTTCATCGATGC,MTM9-50-S135-L001,29743,no_data,3/18/24,March,Mckenzie,9,MTM9-50-S135-L001,M9,2
R1,CTTGGTCATTTAGAGGAAGTAA,no_data,GCTGCGTTCTTCATCGATGC,MTM9-51-S136-L001,85089,no_data,3/25/24,March,Mckenzie,9,MTM9-51-S136-L001,M9,2
R1,CTTGGTCATTTAGAGGAAGTAA,no_data,GCTGCGTTCTTCATCGATGC,MTM9-52-S137-L001,185703,no_data,3/25/24,March,Mckenzie,9,MTM9-52-S137-L001,M9,2
R1,CTTGGTCATTTAGAGGAAGTAA,no_data,GCTGCGTTCTTCATCGATGC,MTM9-53-S138-L001,86498,no_data,4/1/24,April,Mckenzie,9,MTM9-53-S138-L001,M9,2
R1,CTTGGTCATTTAGAGGAAGTAA,no_data,GCTGCGTTCTTCATCGATGC,MTM9-54-S139-L001,32109,no_data,4/8/24,April,Mckenzie,9,MTM9-54-S139-L001,M9,2
R1,CTTGGTCATTTAGAGGAAGTAA,no_data,GCTGCGTTCTTCATCGATGC,MTM9-55-S140-L001,29386,no_data,4/8/24,April,Mckenzie,9,MTM9-55-S140-L001,M9,2
R1,CTTGGTCATTTAGAGGAAGTAA,no_data,GCTGCGTTCTTCATCGATGC,MTM9-56-S141-L001,322499,no_data,4/8/24,April,Mckenzie,9,MTM9-56-S141-L001,M9,2
R1,CTTGGTCATTTAGAGGAAGTAA,no_data,GCTGCGTTCTTCATCGATGC,MTM9-57-S142-L001,192048,no_data,4/8/24,April,Mckenzie,9,MTM9-57-S142-L001,M9,2
R1,CTTGGTCATTTAGAGGAAGTAA,no_data,GCTGCGTTCTTCATCGATGC,MTM10-1-S143-L001,8473,no_data,12/11/23,December,Mckenzie,10,MTM10-1-S143-L001,M10,2
R1,CTTGGTCATTTAGAGGAAGTAA,no_data,GCTGCGTTCTTCATCGATGC,MTM10-2-S144-L001,66397,no_data,12/23/23,December,Mckenzie,10,MTM10-2-S144-L001,M10,2
R1,CTTGGTCATTTAGAGGAAGTAA,no_data,GCTGCGTTCTTCATCGATGC,MTM10-3-S145-L001,117888,no_data,12/23/23,December,Mckenzie,10,MTM10-3-S145-L001,M10,2
R1,CTTGGTCATTTAGAGGAAGTAA,no_data,GCTGCGTTCTTCATCGATGC,MTM10-4-S146-L001,98005,no_data,1/1/24,January,Mckenzie,10,MTM10-4-S146-L001,M10,2
R1,CTTGGTCATTTAGAGGAAGTAA,no_data,GCTGCGTTCTTCATCGATGC,MTM10-5-S147-L001,17730,no_data,1/1/24,January,Mckenzie,10,MTM10-5-S147-L001,M10,2
R1,CTTGGTCATTTAGAGGAAGTAA,no_data,GCTGCGTTCTTCATCGATGC,MTM10-6-S148-L001,32335,no_data,1/8/24,January,Mckenzie,10,MTM10-6-S148-L001,M10,2
R1,CTTGGTCATTTAGAGGAAGTAA,no_data,GCTGCGTTCTTCATCGATGC,MTM10-7-S149-L001,16821,no_data,1/8/24,January,Mckenzie,10,MTM10-7-S149-L001,M10,2
R1,CTTGGTCATTTAGAGGAAGTAA,no_data,GCTGCGTTCTTCATCGATGC,MTM10-8-S150-L001,17738,no_data,1/8/24,January,Mckenzie,10,MTM10-8-S150-L001,M10,2
R1,CTTGGTCATTTAGAGGAAGTAA,no_data,GCTGCGTTCTTCATCGATGC,MTM10-9-S151-L001,56447,no_data,1/15/24,January,Mckenzie,10,MTM10-9-S151-L001,M10,2
R1,CTTGGTCATTTAGAGGAAGTAA,no_data,GCTGCGTTCTTCATCGATGC,MTM10-10-S152-L001,5574,no_data,1/15/24,January,Mckenzie,10,MTM10-10-S152-L001,M10,2
R1,CTTGGTCATTTAGAGGAAGTAA,no_data,GCTGCGTTCTTCATCGATGC,MTM10-11-S153-L001,53270,no_data,1/15/24,January,Mckenzie,10,MTM10-11-S153-L001,M10,2
R1,CTTGGTCATTTAGAGGAAGTAA,no_data,GCTGCGTTCTTCATCGATGC,MTM10-12-S154-L001,52679,no_data,1/15/24,January,Mckenzie,10,MTM10-12-S154-L001,M10,2
R1,CTTGGTCATTTAGAGGAAGTAA,no_data,GCTGCGTTCTTCATCGATGC,MTM10-13-S155-L001,147602,no_data,1/22/24,January,Mckenzie,10,MTM10-13-S155-L001,M10,2
R1,CTTGGTCATTTAGAGGAAGTAA,no_data,GCTGCGTTCTTCATCGATGC,MTM10-14-S156-L001,145987,no_data,1/22/24,January,Mckenzie,10,MTM10-14-S156-L001,M10,2
R1,CTTGGTCATTTAGAGGAAGTAA,no_data,GCTGCGTTCTTCATCGATGC,MTM10-15-S157-L001,21413,no_data,1/29/24,January,Mckenzie,10,MTM10-15-S157-L001,M10,2
R1,CTTGGTCATTTAGAGGAAGTAA,no_data,GCTGCGTTCTTCATCGATGC,MTM10-16-S158-L001,22869,no_data,1/29/24,January,Mckenzie,10,MTM10-16-S158-L001,M10,2
R1,CTTGGTCATTTAGAGGAAGTAA,no_data,GCTGCGTTCTTCATCGATGC,MTM10-17-S159-L001,43947,no_data,1/29/24,January,Mckenzie,10,MTM10-17-S159-L001,M10,2
R1,CTTGGTCATTTAGAGGAAGTAA,no_data,GCTGCGTTCTTCATCGATGC,MTM10-18-S160-L001,184592,no_data,2/5/24,February,Mckenzie,10,MTM10-18-S160-L001,M10,2
R1,CTTGGTCATTTAGAGGAAGTAA,no_data,GCTGCGTTCTTCATCGATGC,MTM10-19-S161-L001,136169,no_data,2/5/24,February,Mckenzie,10,MTM10-19-S161-L001,M10,2
R1,CTTGGTCATTTAGAGGAAGTAA,no_data,GCTGCGTTCTTCATCGATGC,MTM10-20-S162-L001,114458,no_data,2/5/24,February,Mckenzie,10,MTM10-20-S162-L001,M10,2
R1,CTTGGTCATTTAGAGGAAGTAA,no_data,GCTGCGTTCTTCATCGATGC,MTM10-21-S163-L001,28124,no_data,2/12/24,February,Mckenzie,10,MTM10-21-S163-L001,M10,2
R1,CTTGGTCATTTAGAGGAAGTAA,no_data,GCTGCGTTCTTCATCGATGC,MTM10-23-S165-L001,205668,no_data,2/12/24,February,Mckenzie,10,MTM10-23-S165-L001,M10,2
R1,CTTGGTCATTTAGAGGAAGTAA,no_data,GCTGCGTTCTTCATCGATGC,MTM10-24-S166-L001,98701,no_data,2/12/24,February,Mckenzie,10,MTM10-24-S166-L001,M10,2
R1,CTTGGTCATTTAGAGGAAGTAA,no_data,GCTGCGTTCTTCATCGATGC,MTM10-25-S167-L001,52988,no_data,2/12/24,February,Mckenzie,10,MTM10-25-S167-L001,M10,2
R1,CTTGGTCATTTAGAGGAAGTAA,no_data,GCTGCGTTCTTCATCGATGC,MTM10-26-S168-L001,44911,no_data,2/12/24,February,Mckenzie,10,MTM10-26-S168-L001,M10,2
R1,CTTGGTCATTTAGAGGAAGTAA,no_data,GCTGCGTTCTTCATCGATGC,MTM10-27-S169-L001,37586,no_data,2/12/24,February,Mckenzie,10,MTM10-27-S169-L001,M10,2
R1,CTTGGTCATTTAGAGGAAGTAA,no_data,GCTGCGTTCTTCATCGATGC,MTM10-28-S170-L001,51971,no_data,2/12/24,February,Mckenzie,10,MTM10-28-S170-L001,M10,2
R1,CTTGGTCATTTAGAGGAAGTAA,no_data,GCTGCGTTCTTCATCGATGC,MTM10-29-S171-L001,13556,no_data,2/12/24,February,Mckenzie,10,MTM10-29-S171-L001,M10,2
R1,CTTGGTCATTTAGAGGAAGTAA,no_data,GCTGCGTTCTTCATCGATGC,MTM10-30-S172-L001,14963,no_data,2/12/24,February,Mckenzie,10,MTM10-30-S172-L001,M10,2
R1,CTTGGTCATTTAGAGGAAGTAA,no_data,GCTGCGTTCTTCATCGATGC,MTM10-31-S173-L001,123976,no_data,2/19/24,February,Mckenzie,10,MTM10-31-S173-L001,M10,2
R1,CTTGGTCATTTAGAGGAAGTAA,no_data,GCTGCGTTCTTCATCGATGC,MTM10-32-S174-L001,106211,no_data,2/19/24,February,Mckenzie,10,MTM10-32-S174-L001,M10,2
R1,CTTGGTCATTTAGAGGAAGTAA,no_data,GCTGCGTTCTTCATCGATGC,MTM10-33-S175-L001,125394,no_data,2/19/24,February,Mckenzie,10,MTM10-33-S175-L001,M10,2
R1,CTTGGTCATTTAGAGGAAGTAA,no_data,GCTGCGTTCTTCATCGATGC,MTM10-34-S176-L001,36259,no_data,3/4/24,March,Mckenzie,10,MTM10-34-S176-L001,M10,2
R1,CTTGGTCATTTAGAGGAAGTAA,no_data,GCTGCGTTCTTCATCGATGC,MTM10-35-S177-L001,53604,no_data,3/11/24,March,Mckenzie,10,MTM10-35-S177-L001,M10,2
R1,CTTGGTCATTTAGAGGAAGTAA,no_data,GCTGCGTTCTTCATCGATGC,MTM10-36-S178-L001,32758,no_data,3/11/24,March,Mckenzie,10,MTM10-36-S178-L001,M10,2
R1,CTTGGTCATTTAGAGGAAGTAA,no_data,GCTGCGTTCTTCATCGATGC,MTM10-37-S179-L001,32927,no_data,3/11/24,March,Mckenzie,10,MTM10-37-S179-L001,M10,2
R1,CTTGGTCATTTAGAGGAAGTAA,no_data,GCTGCGTTCTTCATCGATGC,MTM10-38-S180-L001,34824,no_data,3/11/24,March,Mckenzie,10,MTM10-38-S180-L001,M10,2
R1,CTTGGTCATTTAGAGGAAGTAA,no_data,GCTGCGTTCTTCATCGATGC,MTM10-39-S181-L001,36495,no_data,3/11/24,March,Mckenzie,10,MTM10-39-S181-L001,M10,2
R1,CTTGGTCATTTAGAGGAAGTAA,no_data,GCTGCGTTCTTCATCGATGC,MTM10-40-S182-L001,6426,no_data,3/11/24,March,Mckenzie,10,MTM10-40-S182-L001,M10,2
R1,CTTGGTCATTTAGAGGAAGTAA,no_data,GCTGCGTTCTTCATCGATGC,MTM10-41-S183-L001,14579,no_data,3/18/24,March,Mckenzie,10,MTM10-41-S183-L001,M10,2
R1,CTTGGTCATTTAGAGGAAGTAA,no_data,GCTGCGTTCTTCATCGATGC,MTM10-42-S184-L001,92920,no_data,3/18/24,March,Mckenzie,10,MTM10-42-S184-L001,M10,2
R1,CTTGGTCATTTAGAGGAAGTAA,no_data,GCTGCGTTCTTCATCGATGC,MTM10-43-S185-L001,35975,no_data,3/18/24,March,Mckenzie,10,MTM10-43-S185-L001,M10,2
R1,CTTGGTCATTTAGAGGAAGTAA,no_data,GCTGCGTTCTTCATCGATGC,MTM10-44-S186-L001,38404,no_data,3/18/24,March,Mckenzie,10,MTM10-44-S186-L001,M10,2
R1,CTTGGTCATTTAGAGGAAGTAA,no_data,GCTGCGTTCTTCATCGATGC,MTM10-45-S187-L001,67880,no_data,3/18/24,March,Mckenzie,10,MTM10-45-S187-L001,M10,2
R1,CTTGGTCATTTAGAGGAAGTAA,no_data,GCTGCGTTCTTCATCGATGC,MTM10-46-S188-L001,86086,no_data,3/18/24,March,Mckenzie,10,MTM10-46-S188-L001,M10,2
R1,CTTGGTCATTTAGAGGAAGTAA,no_data,GCTGCGTTCTTCATCGATGC,MTM10-47-S189-L001,64453,no_data,3/25/24,March,Mckenzie,10,MTM10-47-S189-L001,M10,2
R1,CTTGGTCATTTAGAGGAAGTAA,no_data,GCTGCGTTCTTCATCGATGC,MTM10-48-S190-L001,38633,no_data,3/25/24,March,Mckenzie,10,MTM10-48-S190-L001,M10,2
R1,CTTGGTCATTTAGAGGAAGTAA,no_data,GCTGCGTTCTTCATCGATGC,MTM10-49-S191-L001,39569,no_data,3/25/24,March,Mckenzie,10,MTM10-49-S191-L001,M10,2
R1,CTTGGTCATTTAGAGGAAGTAA,no_data,GCTGCGTTCTTCATCGATGC,MTM10-50-S192-L001,42788,no_data,3/25/24,March,Mckenzie,10,MTM10-50-S192-L001,M10,2
R1,CTTGGTCATTTAGAGGAAGTAA,no_data,GCTGCGTTCTTCATCGATGC,MTM10-51-S193-L001,56895,no_data,3/25/24,March,Mckenzie,10,MTM10-51-S193-L001,M10,2
R1,CTTGGTCATTTAGAGGAAGTAA,no_data,GCTGCGTTCTTCATCGATGC,MTM10-52-S194-L001,33628,no_data,4/1/24,April,Mckenzie,10,MTM10-52-S194-L001,M10,2
R1,CTTGGTCATTTAGAGGAAGTAA,no_data,GCTGCGTTCTTCATCGATGC,MTM10-53-S195-L001,50887,no_data,4/1/24,April,Mckenzie,10,MTM10-53-S195-L001,M10,2
R1,CTTGGTCATTTAGAGGAAGTAA,no_data,GCTGCGTTCTTCATCGATGC,MTM10-54-S196-L001,25462,no_data,4/1/24,April,Mckenzie,10,MTM10-54-S196-L001,M10,2
R1,CTTGGTCATTTAGAGGAAGTAA,no_data,GCTGCGTTCTTCATCGATGC,MTM10-55-S197-L001,44689,no_data,4/1/24,April,Mckenzie,10,MTM10-55-S197-L001,M10,2
R1,CTTGGTCATTTAGAGGAAGTAA,no_data,GCTGCGTTCTTCATCGATGC,MTM10-56-S198-L001,68525,no_data,4/8/24,April,Mckenzie,10,MTM10-56-S198-L001,M10,2
R1,CTTGGTCATTTAGAGGAAGTAA,no_data,GCTGCGTTCTTCATCGATGC,MTM10-57-S199-L001,72015,no_data,4/8/24,April,Mckenzie,10,MTM10-57-S199-L001,M10,2
R1,CTTGGTCATTTAGAGGAAGTAA,no_data,GCTGCGTTCTTCATCGATGC,MTM10-58-S200-L001,640,no_data,4/8/24,April,Mckenzie,10,MTM10-58-S200-L001,M10,2
R1,CTTGGTCATTTAGAGGAAGTAA,no_data,GCTGCGTTCTTCATCGATGC,MTM10-59-S201-L001,98076,no_data,4/8/24,April,Mckenzie,10,MTM10-59-S201-L001,M10,2
R1,CTTGGTCATTTAGAGGAAGTAA,no_data,GCTGCGTTCTTCATCGATGC,Undetermined-S0-L001,3077627,no_data,,,,,Undetermined-S0-L001,,